"Offline"	"Online"
".NET WEB PROGRAMMING"	30	NA
"0-12 MONTHS, INFANTS"	18	NA
"12-24 MONS JUST WALKERS"	21	NA
"12-24 MONS ONEDAY TODDLR"	21	NA
"12-24 MONS ONEDAY TODLRS"	21	NA
"12-24 MONS, LINCOLN PARK"	18	NA
"1687O TO SOCIOLOGY"	35	NA
"1ST STEPS INT'L SEMINAR"	50	NA
"24-36 MONS ARBOR HEIGHTS"	16	NA
"24-36 MONS ARBORHEIGHTS2"	15	NA
"24-36 MONS, LINCOLN PARK"	18	NA
"24-36 MONTHS, ADM 2"	15	NA
"24-36 MONTHS, ADMIRAL 2"	18	NA
"24-36 MONTHS, ALKI 2"	18	NA
"24-36 MONTHS, SSCC 2"	18	NA
"2D & 3D ANIMATION"	25	NA
"2ND PARENT CHLDSTDY/LAB"	3.59016393442623	NA
"36-48 MONS ARBOR HEIGHTS"	18	NA
"36-48 MONS ARBORHEIGHTS3"	16	NA
"36-48 MONS LINCOLN PARK3"	18	NA
"36-48 MONTHS, ADMIRAL 3"	16.5	NA
"36-48 MONTHS, ALKI 3"	18	NA
"48-60 MONS ARBOR HEIGHTS"	18	NA
"48-60 MONS LINCOLNPARK 4"	15	NA
"48-60 MONTHS, ADMIRAL 4"	18	NA
"48-60 MONTHS, akli 4"	18	NA
"48-60 MONTHS, Akli 4"	18	NA
"4903ESL: IT FOR ESL"	20	NA
"99D. STUDY/INTERNSHIP"	25	NA
"ABE-COMPAS PREP"	29	NA
"ABE 2 COMM"	0	NA
"ABE 2 COMMUNICATIONS"	0	NA
"ABE 2 COMPUTER WRITING"	0	NA
"ABE 2 MATH"	9.66666666666667	NA
"ABE 2 MATH FOR ESL"	29	NA
"ABE 3"	0	NA
"ABE 3 COMM"	0	NA
"ABE 3 COMM SKILLS"	0	NA
"ABE 3 COMMUNICATIONS"	0	NA
"ABE 3 COMPUT COMM"	0	NA
"ABE 3 COMPUTER WRITING"	0	NA
"ABE 3 MATH"	10.3571428571429	NA
"ABE 3 MATH FOR ESL"	29	NA
"ABE 4"	0	NA
"ABE 4 COMM"	0	NA
"ABE 4 COMM SKILLS"	0	NA
"ABE 4 COMMUNICATIONS"	9.33333333333333	NA
"ABE 4 COMPASS"	7	NA
"ABE 4 COMPUT COMM"	0	NA
"ABE 4 COMPUTER WRITING"	0	NA
"ABE 4 MATH"	13	NA
"ABE 4 MATH FOR ESL"	29	NA
"ABE 5 COMP LAB"	0	NA
"ABE 5 COMPUTER"	0	NA
"ABE 5 COMPUTER WRITING"	0	NA
"ABE 6 COMM"	0	NA
"ABE 6 COMPASS"	17.2	NA
"ABE 6 COMPUTER"	0	NA
"ABE 6 COMPUTER LAB"	0	NA
"ABE 6 COMPUTER WRITING"	0	NA
"ABE 6 MATH"	17.2	NA
"ABE ADVANCED COMP.SKILLS"	25	NA
"ABE ADVANCED MATH"	28	NA
"ABE BASIC MATH"	30	NA
"ABE COLLEGE READINESS"	25	NA
"ABE COMM 4"	0	NA
"ABE COMM."	35	NA
"ABE COMM. VI"	26	NA
"ABE COMM.VI"	30	NA
"ABE ECE SUPPORT"	0	NA
"ABE IV MATH"	35	NA
"ABE LEVEL 2"	28	NA
"ABE LEVEL 2 MATH"	28	NA
"ABE LEVEL 3"	0	NA
"ABE LEVEL 3 COMM"	31.0666666666667	NA
"ABE LEVEL 3 MATH"	23.375	NA
"ABE LEVEL 4"	14	NA
"ABE LEVEL 4 COMM"	33	NA
"ABE LEVEL 4 COMM SKILLS"	26	NA
"ABE LEVEL 4 MATH"	27.952380952381	NA
"ABE LEVEL 5 - COMPUTERS"	27	NA
"ABE LVL 3 COMM SKILLS"	16.2	NA
"ABE LVL 4 COMM SKILLS"	24	NA
"ABE MATH 2"	0	NA
"ABE MATH 3"	0	NA
"ABE MATH 4"	0	NA
"ABE MATH 6"	0	NA
"ABE MATH VI"	25	NA
"ABE VI MATH"	30.75	NA
"ABE2 COMPUTER"	0	NA
"ABE3 COMPUTER"	0	NA
"ABE4 COMPUTER"	0	NA
"ABNORMAL PSYCHOLOGY"	23.7407407407407	25
"AC PRIN OF ELECTRONICS"	24	NA
"ACC NOT-FOR-PROF AND GOV"	30	25
"ACCESS FOR BUSINESS"	29.3333333333333	NA
"ACCOUNTING FOR SMALL BUS"	25	NA
"ACCOUNTING INFO SYSTEMS"	30	25
"Accounting Systems"	27	NA
"ACCOUNTING SYSTEMS"	25	NA
"ACCT FOR NON ACCOUNTANTS"	30	25
"ACTING"	6.76470588235294	NA
"ACTIVE SPORTSWEAR CONSTR"	20	NA
"ADIS SPECIALIST TRAINING"	30	NA
"ADN PROG STUDY GROUP I"	51	NA
"ADN PROG STUDY GROUP III"	50	NA
"ADN PROG STUDY GROUP V"	50	NA
"ADN PROG STUDY GROUP VI"	45	NA
"ADOBE DREAMWEAVER I"	25	NA
"ADOBE ILLUSTRATOR I"	25	NA
"ADOBE INDESIGN & ACROBAT"	25	NA
"ADOBE PHOTOSHOP I"	25	NA
"ADOLES. DEVELOP. & TREAT"	30	NA
"ADOLESCENT ASSESSMENT"	30	NA
"ADV APPLICATIONS PROJECT"	10	NA
"ADV AUTO TRANS SERVICE"	20	NA
"ADV AUTOCAD/ARCHIT &ENGR"	18	NA
"ADV COMP ASSTD LANGUAGE"	0	NA
"ADV COMPUTER ART II"	25	25
"ADV COMPUTERIZED ACCOUNT"	25	NA
"ADV CULINARY PRACTICES"	23.3333333333333	NA
"ADV DESSERTS & BREADS"	15	NA
"ADV DESSERTS & BREADS PR"	14	NA
"ADV DRIVABILITY FUEL SYS"	20	NA
"ADV ELECTRICAL SYSTEMS"	19	NA
"ADV FABRICATION"	16.25	NA
"ADV FABRICATION WELDMENT"	18.3333333333333	NA
"ADV FIELD PLACEMENT I"	30	NA
"ADV FIELD PLACEMENT II"	30	NA
"ADV FOOD PRESERVATION"	17.1666666666667	NA
"ADV FRENCH LANG & LIT"	0	NA
"ADV IRRIGATION DIAG REPR"	20	NA
"ADV MECHANICAL VENTILATI"	25	NA
"ADV MED/SURG NSG CARE"	40	NA
"ADV PILOTING & NAVIGATIN"	18.5	NA
"ADV SPECIAL TOPICS HD RE"	4	NA
"ADV TV PROD & APP COMM"	30	NA
"ADV. DIESEL ENGINES"	18	NA
"ADV. ENGINEERING PRACTIC"	18.5	NA
"ADV. GROUP INSTR.: PIANO"	0	NA
"ADV. PATIENT ASSESSMENT"	20	NA
"ADV.WINES OF THE WORLD"	28	NA
"ADVAN PLANT PROPAGATION"	25	NA
"ADVANCE ACTING"	10	NA
"ADVANCED ACCOUNTING"	NA	25.75
"ADVANCED ACTING"	0	NA
"ADVANCED AIRFRAME"	25	NA
"ADVANCED BIM FOR DESIGN"	24	NA
"ADVANCED BRAKE SYSTEMS"	20	NA
"ADVANCED CAD 3-D"	18.1666666666667	NA
"ADVANCED COMP ASSTD LANG"	25	NA
"ADVANCED COMPOSITION"	35	NA
"ADVANCED COMPUTER ART"	25	25
"ADVANCED COMPUTER SKILLS"	25	NA
"ADVANCED CULINARY THEORY"	23.3333333333333	NA
"ADVANCED ENGLISH GRAMMAR"	29	NA
"ADVANCED FABRICATION 1"	23.3333333333333	NA
"ADVANCED FABRICATION II"	26.6666666666667	NA
"ADVANCED FOOD WINE PAIRI"	20	NA
"ADVANCED GASOLINE ENGINE"	20	NA
"ADVANCED GED PREP LVL 6"	0	NA
"ADVANCED GED PREP MATH 6"	0	NA
"ADVANCED GLOBAL HEALTH"	24	NA
"ADVANCED GROUP PIANO"	0	NA
"ADVANCED IRRIGATION"	20	NA
"ADVANCED LAYOUT"	16.4285714285714	NA
"ADVANCED MARTIAL ARTS"	0	NA
"ADVANCED NURSING SKILLS"	40	NA
"ADVANCED POWERPLANT"	26.6666666666667	NA
"ADVANCED SCRIPTWRITING"	25	NA
"ADVANCED THEORY"	17.6	NA
"ADVANCED WEB DATABASES"	30	NA
"ADVANCED WEB DESIGN"	15	NA
"ADVANCED WEB DEVELOPMENT"	12	NA
"ADVERTISING PRODUCTION"	30	NA
"ADVNCED MARTIAL ART"	3	NA
"AEROBICS"	25	NA
"AFRICA"	25	12.5
"AGROFORESTRY SYSTEMS"	24	NA
"AIDS WORKSHOP"	35	NA
"AIR CARBON ARC CUTTING"	16.875	NA
"AIR CONDITIONING & HEAT"	19	NA
"AIRCRAFT NONMETALLIC STR"	25	NA
"AIRFRAME STRUCTURE"	25	NA
"AIRFRAME SYSTEMS"	27.5	NA
"AJAC ENGINEERING DRAWING"	25	NA
"ALGEBRA I"	25.3142857142857	24.1111111111111
"ALGEBRA II"	24.5538461538462	23.6842105263158
"AM SIGN LANGUAGE III"	25	NA
"AM SIGN LANGUAGE V"	25	NA
"AMER GOV PART I MEX/CAN"	36	NA
"AMER SIGN LANGUAGE II"	25	NA
"AMER. SIGN. LANG. I"	27.5	NA
"AMER. SIGN. LANG. II"	25	NA
"AMERICA'S ETHNIC HISTORY"	36	NA
"AMERICAN DEAF CULTURE"	32.5	NA
"AMERICAN DIALECTS"	35	NA
"AMERICAN GOVERNMENT"	37.2333333333333	22.2222222222222
"AMERICAN LITERATURE II"	30	NA
"AMERICAN LITERATURE III"	33	25
"AMERICAN MOSAIC"	35	0
"AMERICAN POPULAR MUSIC"	35	NA
"ANALOG CIRCTS/DEVICE I"	26	NA
"ANALOG CIRCTS/DEVICE II"	26.6666666666667	NA
"ANESTHESIA MACHINES MEDI"	NA	23.3333333333333
"ANESTHESIA RELATED A&P"	NA	23.3333333333333
"AP/TERMINOLOGY/PATHGY 1"	8.33333333333333	8.33333333333333
"AP/TERMINOLOGY/PATHGY 10"	8.33333333333333	8.33333333333333
"AP/TERMINOLOGY/PATHGY 11"	8.33333333333333	8.33333333333333
"AP/TERMINOLOGY/PATHGY 12"	8.33333333333333	8.33333333333333
"AP/TERMINOLOGY/PATHGY 2"	8.33333333333333	8.33333333333333
"AP/TERMINOLOGY/PATHGY 3"	8.33333333333333	8.33333333333333
"AP/TERMINOLOGY/PATHGY 4"	8.33333333333333	8.33333333333333
"AP/TERMINOLOGY/PATHGY 5"	8.33333333333333	8.33333333333333
"AP/TERMINOLOGY/PATHGY 6"	8.33333333333333	8.33333333333333
"AP/TERMINOLOGY/PATHGY 7"	8.33333333333333	8.33333333333333
"AP/TERMINOLOGY/PATHGY 8"	8.33333333333333	8.33333333333333
"AP/TERMINOLOGY/PATHGY 9"	8.33333333333333	8.33333333333333
"APP MATH TECH-LANDSCAPE"	NA	25
"APP MATH TECH - AUTO"	NA	25
"APP MATH TECH - FOODS"	NA	25
"APP MATH TECH - LHO"	NA	25
"APPAREL DESIGN CONST I"	20	NA
"APPAREL DESIGN CONST II"	20	NA
"APPL MATH FOR TECHNICIAN"	35	NA
"APPL MATH TECH-LANDSCAPE"	NA	25
"APPL MATH TECH - AUTO"	NA	25
"APPL MATH TECH - FOODS"	NA	25
"APPL MATH TECH - LHO"	NA	25
"APPL MATH TECH -FOODS"	NA	25
"APPL MATH TO MGT LIFE SC"	32.9	25.7142857142857
"APPLICATIONS OF RES MATH"	27.5	NA
"APPLIED BIOENGINEERING"	27.5	NA
"APPLIED BUS STATISTICS"	25	NA
"APPLIED COMPOSITION"	24.2352941176471	25.5833333333333
"APPLIED ENVIRONMENTAL SC"	30	NA
"APPLIED INTERP EXP I"	30	NA
"APPLIED INTERP EXP II"	40	NA
"APPLIED INTERP EXP III"	30	NA
"APPLIED MARINE ELECTRIC"	18	NA
"APPLIED MATH CULINARY"	25	NA
"APPLIED MATH TECHNICIANS"	28.5	NA
"APPLIED MATHEMATICS I"	37	NA
"APPLIED MECHANICS 1"	25	NA
"APPLIED MECHANICS I"	24.3333333333333	NA
"APPLIED MECHANICS II"	18.25	NA
"APPLIED MICROBIOLOGY"	29	NA
"APPLIED PHYSICS"	27	NA
"APPLIED PRACTICE IN DHY"	7	NA
"APPLIED PRACTICUM IN DHY"	5	NA
"APPLIED SOCIAL PSYCHOLOG"	30	NA
"ARCHAEOLOGY"	35	NA
"ARCHITECTURAL EGRING LAB"	24	NA
"ARCHITECTURAL/STRUCTURAL"	25	NA
"ARITHMETIC"	27.1666666666667	25
"ART AND ANARCHY"	48	NA
"ART APPRECIATION"	32.75	NA
"ART FOR YOUNG CHILDREN"	25	NA
"ART HISTORY"	35	NA
"ASAM ASSESSMENT"	32.5	NA
"ASE - COMM 6"	20	NA
"ASE - MATH LEVEL 6"	20	NA
"ASEPSIS & INFECTION CONT"	6.66666666666667	NA
"ASIAN-AMERICAN HISTORY"	35	25
"ASIAN AMERICAN LIT"	35	NA
"ASIAN AMERICAN LITERATUR"	35	NA
"ASL-TO-ENG INTERP I"	20	NA
"ASL I"	25	NA
"ASL II"	25	NA
"ASL III"	25	NA
"ASL IV"	25	NA
"ASL THEATER"	15	NA
"ASL TO ENG INTERPRET II"	20	NA
"ASL TO ENG INTERPRET III"	20	NA
"ASL v"	25	NA
"ASL V"	25	NA
"ASL VI"	25	NA
"ASSESSMENT/PROGRAMMING"	25	NA
"ASTRONOMY"	39.2857142857143	25
"AT SEA INTERNSHIP"	24	NA
"AUDIO PRODUCTION"	30	NA
"AUDITING"	NA	25
"AUTISM AND RELATED DISOR"	28	NA
"AUTISM/RELATED DISORDERS"	28	NA
"AUTO ENGINE DIAG REMOVE"	20	NA
"AUTO TRANS, DIAGNO & SVC"	20	NA
"AUTOMOTIVE ELECTRONICS"	19	NA
"AUTOMOTIVE ENGINE REBUIL"	20	NA
"AUTOMOTIVE WELDING"	20	NA
"AUX. MACHINERY & SHP DES"	18	NA
"BADMINTON (BEG)"	25	NA
"BAKING 1"	23.125	NA
"BAKING 2"	43.5714285714286	NA
"BANQUETS AND CATERING"	25	NA
"BAS READ/STUDY SKILLS I"	25	NA
"BASC OXYCETYL"	16.25	NA
"BASC OXYCETYL CUT & JOIN"	20.8333333333333	NA
"BASIC ALGEBRA"	15	NA
"BASIC APPRAISAL PRINCIPL"	16.6666666666667	NA
"BASIC APPRAISAL PROCEDUR"	35	NA
"BASIC BIM FOR DESIGN"	26	NA
"BASIC BLOOD COLLECTION"	17.2	NA
"BASIC BRAKE SYSTEMS"	20	NA
"BASIC CAD - 3D"	19.1666666666667	NA
"BASIC CAD DRAFT/CONS&DES"	24	NA
"BASIC DRAFTING"	24	NA
"BASIC ELEC. FOR AVIATION"	26	NA
"BASIC ENGLISH"	27	NA
"BASIC ENGLISH WRITING"	28.5	NA
"BASIC FUND OF TRUCK DRVE"	28	NA
"BASIC GASOLINE ENGINES"	22.5	NA
"BASIC GED PREP COMM 5"	24.8	NA
"BASIC GED PREP COMM 6"	0	NA
"BASIC GED PREP MATH 5"	27.952380952381	NA
"BASIC GED PREPARATION 5"	14	NA
"BASIC GED PREPARATION 6"	0	NA
"BASIC KEYBOARDING"	0	NA
"BASIC LAYOUT SKILLS"	19	NA
"BASIC LITERACY"	28.5	NA
"BASIC LITERACY LEVEL 1"	32	NA
"BASIC MATH PHYSICS W B"	25	NA
"BASIC MATH SKILLS"	28.264367816092	25.2142857142857
"BASIC MICROBIOLOGY"	6.66666666666667	NA
"BASIC PHARMACOLOGY ANEST"	NA	23.3333333333333
"BASIC PILOTING & NAVIGAT"	18	NA
"BASIC POWER ACCESSORIES"	19	NA
"BASIC PSYCHOLOGY PRINCIP"	8.33333333333333	NA
"BASIC SCI FOR AVIATION"	32	NA
"BASIC SCI. FOR AVIATION"	28.6	NA
"BASIC SKILLS SUPP PROF/T"	6	NA
"BASIC SKILLS SUPP.PROF/T"	0	NA
"BASIC SKILLS SUPPORT"	10	NA
"BASIC VESSEL HANDLING"	18	NA
"BASIC WELDING & CUTTING"	22.5	NA
"BASIC WRITING IMPROVE I"	21.6666666666667	NA
"BATTERIES, GENS & ALTER"	20	NA
"BEAT GENERATION WRITERS"	30	25
"BEG COMP ASSIST LEARNING"	25	NA
"BEG GROUP PIANO"	0	NA
"BEG WEIGHT TRAINING"	25	NA
"BEG. COMPUTER LITERACY"	25	NA
"BEG. GROUP INST: VOICE"	27.7777777777778	NA
"BEG. GROUP PIANO 1ST QTR"	19.4285714285714	NA
"BEG. GROUP PIANO 2ND QTR"	16.9230769230769	NA
"BEG. GROUP PIANO 3RD QTR"	16.8	NA
"BEG. GROUP VOICE"	0	NA
"BEG. WEIGHT TRAINING"	24	NA
"BEGIN COMP ASSTD LANG LE"	20	NA
"BEGIN DESSERTS/BREADS:PR"	18.25	NA
"BEGIN. PHYSICAL FITNESS"	0	NA
"BEGINING DECO"	25	NA
"BEGINNING BADMINTON"	25	NA
"BEGINNING BASKETBALL"	24.6666666666667	NA
"BEGINNING COMPUTERS"	25.5	25
"BEGINNING DECO"	25	NA
"BEGINNING DESSERTS&BREAD"	18	NA
"BEGINNING GROUP PIANO"	5.33333333333333	NA
"BEGINNING GROUP VOICE"	0	NA
"BEGINNING KARATE"	0	NA
"BEGINNING MARTIAL ARTS"	6.85714285714286	NA
"BEGINNING TENNIS"	0	NA
"BEGINNING WEIGHT TRAING"	0	NA
"BEHAVIOR MANAGEMENT"	24	NA
"BENCH TECHNIQUES & PRACT"	0	NA
"BENCH TECHNIQUES AND PRA"	0	NA
"BENCHWORK PROCEDURES"	10	NA
"BILL OF RIGHTS"	36	NA
"BIO SEXUAL TRNSMT DISEAS"	24	NA
"BIOCHEMISTRY I"	32	NA
"BIOCHEMISTRY II"	34	NA
"BIOLOGICAL ANTHROPOLOGY"	35.3846153846154	NA
"BIOLOGY MAJORS CELLULAR"	24	NA
"BIOLOGY OF THE PAC NW"	NA	25
"BIOMEDICAL EQUIPMENT I"	19	NA
"BIOMEDICAL EQUIPMENT II"	21	NA
"BIOMEDICAL TECHNICIAN"	11.6666666666667	NA
"BLUES AND ITS INFLUENCE"	NA	25
"BMD INTER. II"	6	NA
"BMK ADV. I"	5	NA
"BMK ADV. II"	5	NA
"BMK BASIC I"	5	NA
"BMK WELDING ADV"	5	NA
"BMK WELDING BASIC"	6	NA
"BMK WELDING INTER."	5	NA
"BODY CONDITIONING"	23.8666666666667	NA
"BODY FILLERS"	12.5	NA
"BODY MECHANICS HEALTHCAR"	20	NA
"BOEING ELECT MAINT/TECH"	15	NA
"BOEING MACH APPRENTICE"	17.8888888888889	NA
"BOILER MAKERS ADV. I"	5	NA
"BOILER MAKERS ADV. II"	5	NA
"BOILER MAKERS BASIC I"	5.2	NA
"BOILER MAKERS BASIC II"	5	NA
"BOILER MAKERS INTER. I"	5.75	NA
"BOILER MAKERS INTER. II"	5	NA
"BOILER MAKERS WELDING AD"	5	NA
"BOILER MAKERS WELDING BA"	5	NA
"BOILER MAKERS WELDING IN"	5	NA
"BREAD & FOOD PRESERVATIO"	16.5	NA
"BREAD &FOOD PRESERVATION"	18	NA
"BREAD& FOOD PRESERVATION"	20	NA
"BRICKLAYERS 1ST YEAR"	16.25	NA
"BRICKLAYERS 2ND YEAR"	12.2857142857143	NA
"BRICKLAYERS 3/4TH YEAR"	19	NA
"BRIDGE TO HEALTH CAREERS"	0	NA
"BRIDGES TO HEALTH CAREER"	25	NA
"BRITISH LITERATURE IS"	25	NA
"BUDGET AND FINANCE"	25	NA
"BUILD PART W DIVERSE FAM"	30	NA
"BUILDING HEALTHY FAMILIE"	32.5	NA
"BUILDING PART W"	0	NA
"BUILDING SITE SYSTEM"	5.66666666666667	NA
"BUS & ECON STATISTICS"	37.5	NA
"BUS & ECONOMIC STATISTIC"	33.9615384615385	35.25
"BUS MATH/SPREADSHEETS"	25	NA
"BUSINESS CALCULUS"	32.6	25.8333333333333
"BUSINESS COMMUNICATIONS"	27.5	NA
"BUSINESS DATABASE APPS"	25	NA
"BUSINESS DATABASES"	25	NA
"BUSINESS ETHICS"	25	25
"BUSINESS IN FASHION"	20	NA
"BUSINESS LAW"	35	29.6
"BUSINESS MATH/EXCEL"	25	NA
"BUSINESS MATH/SPREADSHET"	26	NA
"BUSINESS MATHEMATICS"	35	NA
"BUSINESS TAX ACCOUNTING"	33	25
"C-MULTICULTURAL COMMUNIC"	25	NA
"CABINETMAKING&FINE WOODW"	16	NA
"CABINETMAKING/FINE WOODW"	16.5	NA
"CAD - ELECTRICAL"	19.5	NA
"CAD - MECHANICAL"	20	NA
"CAD FOR LANDSCAPING II"	25	NA
"CAD FOR LANSCAPING I"	24	NA
"CAD SHEET METAL/HVAC"	22.5	NA
"CALCULUS I"	32	NA
"CALCULUS II"	32.9310344827586	NA
"CALCULUS III"	32.8076923076923	NA
"CAMERA TECHNIQUES I"	32	NA
"CAMERA TECHNIQUES II"	30	NA
"CAMP RILEA FIRST YR"	20	NA
"CAMP RILEA FIRST YR 2"	20	NA
"CAMP RILEA FIRST YR 3"	20	NA
"CAMP RILEA FIRST YR 4"	20	NA
"CAMP RILEA FIRST YR 5"	20	NA
"CAMP RILEA FIRST YR I"	20	NA
"CAMP RILEA SECOND YR"	20	NA
"CAMP RILEA SECOND YR I"	20	NA
"CAMP RILEA SECOND YR II"	20	NA
"CAMP RILEA SECOND YR III"	20	NA
"CAMP RILEA SECOND YR IV"	20	NA
"CAMP RILEA THIRD YR"	20	NA
"CAMP RILEA THIRD YR 1A"	20	NA
"CAMP RILEA THIRD YR 1B"	20	NA
"CAMP RILEA THIRD YR 2A"	20	NA
"CAMP RILEA THIRD YR 3A"	20	NA
"CAMP RILEA THIRD YR 3B"	20	NA
"CANCEL"	30	NA
"CANCEL 3/18"	32	NA
"CANCEL 8/31"	35	NA
"CANCEL 9/02"	24	NA
"CAPSTONE PROJECT CLASS"	24	NA
"CAPSTONE/PRACTICUM II"	24	NA
"CARDIO ANAT/PHYSIOLOGY"	25	NA
"CARE MNGMT AND LEADERSHI"	40	NA
"CAREER DEVELOPMENT I"	25	NA
"CAREER DEVELOPMENT II"	25	NA
"CAREER DEVELOPMENT III"	25	NA
"CAREER PLAN/PERSNL EVALU"	23.1428571428571	24.1666666666667
"CARPENTRY"	18	NA
"CARPENTRY 203 ONLINE"	15	NA
"CARPENTRY 303B-BLV"	25	NA
"CARPENTRY 403 BLV"	30	NA
"CARPENTRY 403 ONLINE"	30	NA
"CARPENTRY I"	15	NA
"CARPENTRY II"	15	NA
"CARPENTRY III"	25	NA
"CARPENTRY IV"	30	NA
"CASE MANAGEMENT"	35	NA
"CATALOG PRODUCTION"	30	NA
"CCN ELEMENTARY STATISTIC"	NA	25
"CEMENT FIRST YEAR"	20	NA
"CEMENT SECOND YEAR"	20	NA
"CEMENT THIRD YEAR"	20	NA
"CENTRAL JAZZ ENSEMBLE"	0	NA
"CENTRAL SUPPLY/INSTR TCH"	22	NA
"CERAMIC ART"	3.88888888888889	NA
"CERAMICS"	25	NA
"CHEM DEP & DOMESTIC VIOL"	30	NA
"CHEM DEP CASE MANAGEMENT"	30	NA
"CHEM DEPDCY & DOM VIOLEN"	30	NA
"CHEM DEPEND & THE FAMILY"	30	NA
"CHEM DEPENDENCY & FAMILY"	30	NA
"CHEM DEPENDENCY COUNSEL"	30	NA
"CHEM. DEPNDCY & FAMILY"	30	NA
"CHEMICAL CONCEPTS"	34.1666666666667	NA
"CHEMICAL CONCEPTS W-LAB"	25.5	NA
"CHEMICAL CONCEPTS W/LAB"	35	NA
"CHEMICAL DEP CASE MGMT"	30	NA
"CHICANO NARRATIVE"	30	NA
"CHILD/ADLSCNT SEXUALITY"	25	NA
"CHILDREN'S LITERATURE"	23.3333333333333	NA
"CHILDREN AND NATURE"	NA	25
"CHINESE I"	35.3333333333333	NA
"CHINESE II"	35	NA
"CHINESE III"	30	NA
"CISCO I"	24	NA
"CISCO II"	25	NA
"CISCO III"	25	NA
"CIVIL AND SITE DRAFTING"	24	NA
"CLASSROOM MANAGEMENT PLN"	25	NA
"CLASSROOM RESEARCH"	15	NA
"CLIENT/COMMUNIT ADVOCACY"	30	NA
"CLIN HOSP EXP FOR NAC"	18	NA
"CLIN NURSING PRACT. I"	35	NA
"CLIN NURSING PRACTICE II"	33	NA
"CLIN. DENTAL HYGIENE V"	20	NA
"CLIN. DENTAL HYGIENE VII"	20	NA
"CLIN.DENTAL HYGIENE III"	20	NA
"CLINCAL PRACTICE VI"	2.8	NA
"CLINICAL DENT HYGIENE I"	20	NA
"CLINICAL DHY II"	20	NA
"CLINICAL DHY VI"	20	NA
"CLINICAL MONITORING"	NA	23.3333333333333
"CLINICAL NURS. SKILLS"	36	NA
"CLINICAL NURS. SKILLS I"	32	NA
"CLINICAL NURS. SKILLS II"	33	NA
"CLINICAL ORIENTATION"	25	NA
"CLINICAL PRACTICE I"	6.75	NA
"CLINICAL PRACTICE II"	6.85714285714286	NA
"CLINICAL PRACTICE IV"	4	NA
"CLINICAL PRACTICE V"	4	NA
"CLINICAL PRACTICE VI"	4.44444444444444	NA
"CMPT-ASSTED GED-KCTLC"	35	NA
"CMPT-ASSTED GED-NEWHOLLY"	35	NA
"CMPT-ASSTED GED-SDRC"	35	NA
"CMPTR APPLS FOR BUILDERS"	16	NA
"CMPTR APPS FOR APP DSIGN"	20	NA
"CO-OCCURING DISORDERS:TR"	30	NA
"CO OCCURRING DISORDERS"	30	NA
"CODES POLICIES STANDARDS"	25	NA
"COL PREP ENG FOR ESL STU"	29	NA
"COL PREP WRITING III"	25	NA
"COLL PREP ENG FOR ESL ST"	28	NA
"COLL PREP READ STUDY III"	26.4545454545455	NA
"COLL PREP/READ 1"	27	NA
"COLL PREP/READ 2"	29	NA
"COLL PREP/WRITE 1"	27	NA
"COLL PREP/WRITE 2"	27.4	NA
"COLL. PREP READ 1"	28.5	NA
"COLL. PREP READ 2"	27.8	NA
"COLL. PREP WRITE 1"	28.5	NA
"COLL. PREP WRITE 2"	28.2	NA
"COLL.PREP 1 READING"	27	NA
"COLL.PREP 1 WRITING"	27	NA
"COLL.PREP 2 READING"	27	NA
"COLL.PREP 2 WRITING"	27	NA
"COLLEGE ALGEBRA"	33.64	25.5
"COLLEGE BIOLOGY"	24	NA
"COLLEGE CHOIR"	48.5	NA
"COLLEGE PREP"	29	NA
"COLLEGE PREP R/W"	29	NA
"COLLEGE PREP READING IV"	20.0952380952381	NA
"COLLEGE PREP WRITING III"	25.4565217391304	NA
"COLLEGE PREP WRITING IV"	22.6590909090909	NA
"COLLEGE PREP WRITING V"	28	NA
"COLLEGE PREP/NON-NATIVES"	27	NA
"COLLEGE PREP/READING"	27	NA
"COLLEGE SUCESS"	25	NA
"COLLEGE SURVIVAL SKILLS"	25	NA
"COMM RES INVESTMENT ANLY"	25	NA
"COMM.SERVICE/VOLUNTEER"	30	NA
"COMMUNICATION IN PHARMA"	28	NA
"COMMUNICATIONS IN HEALTH"	8.33333333333333	NA
"COMMUNITY ASSOC MNGMT"	25	NA
"COMMUNITY CHORALE"	51.6666666666667	NA
"COMMUNITY CORRECTIONS NH"	25	NA
"COMMUNITY HEALTH II"	23	NA
"COMMUNITY HEALTH III"	20	NA
"COMMUNITY HLTH ROTATION"	20	NA
"COMMUNITY SRV/VOLUNTEER"	30	NA
"COMMUNITY SRVC/VOLUNTEER"	30	NA
"COMP APPS/APPAREL DESIGN"	20	NA
"COMP LINGUISTICS;ASL&ENG"	30	NA
"COMP PROGPMING/ENGR/SCIE"	30	NA
"COMP PROGR II/ENGIN/SCI"	30	NA
"COMP SKILLS FOR CULINARY"	24	NA
"COMP. REVIEW & COMPUTERS"	20	NA
"COMP/EMPLOYMENT TRAINING"	30	NA
"COMPAS MATH"	10	NA
"COMPAS PREP"	20	NA
"COMPASS MATH"	10	NA
"COMPASS PREP COMM 6"	33.75	NA
"COMPASS PREP COMM SKILLS"	35	NA
"COMPASS PREP MATH"	35	NA
"COMPASS PREP MATH 6"	33	NA
"COMPETITON CLASS"	18	NA
"COMPLX MED/SRG PSY CLINI"	40	NA
"COMPLX NSG MED/SURG PSYC"	42.3333333333333	NA
"COMPOSITE ASSEMBLY"	25	NA
"COMPOSITE FABRICATION"	25	NA
"COMPOSITE REPAIR"	25	NA
"COMPOSITION"	28	NA
"COMPOSITION II"	24.5045045045045	25.0909090909091
"COMPOSITION III"	0	NA
"COMPOSITION IV:SENR ENG."	0	NA
"COMPREHENSIVE"	20	NA
"COMPUTATIONAL SKILLBUILD"	10	NA
"COMPUTER APPLICATIONS I"	24	24
"COMPUTER ART"	25	25
"COMPUTER MUSIC RECORDING"	25	NA
"COMPUTER MUSIC/RECORDING"	25	NA
"COMPUTER OPERATING SYSTE"	11	NA
"COMPUTER PROG/EGR AND SC"	30	NA
"COMPUTER PROGR/ENGIN/SCI"	27.5	NA
"COMPUTER PROGRAMMING"	27	25
"COMPUTER PROGRAMMING II"	27.3333333333333	NA
"COMPUTER SKILLS ESL 1"	30	NA
"COMPUTER SKILLS ESL 2"	30	NA
"COMPUTER SKILLS ESL 3"	31.1111111111111	NA
"COMPUTER SKILLS ESL 4"	30.8333333333333	NA
"COMPUTER SKILLS ESL 5"	30	NA
"COMPUTER USER SUPPORT"	12	NA
"COMPUTERIZED ACCT SIMULA"	29	NA
"COMPUTERIZED MENU PLANN"	20	NA
"COMPUTERIZED MENU PLANNG"	23.75	NA
"COMPUTERS FOR MATH & SCI"	NA	25
"COMPUTERS IN MATH"	26.8421052631579	NA
"COMPUTERS IN MATHEMATICS"	16	NA
"COMPUTING AND ADOBE CS"	25	NA
"COMPUTING INTERNSHIP"	20	NA
"CONCEPT DEVELOPMENT"	30	NA
"CONFLICT MANAGEMENT"	30	NA
"CONNECTING TO CHILDREN"	24	NA
"CONST TECHS FOR PROF APP"	20	NA
"CONST. MARINE FIRST AID"	20	NA
"CONSTRUCT WELD LOCAT FIX"	18.3333333333333	NA
"CONSTRUCTION EGR DRAFT"	2	NA
"CONSTRUCTION ESTIMATING"	24	NA
"CONSTRUCTION I"	20	NA
"CONSTRUCTION II"	20	NA
"CONT. MORAL PROBLEMS"	35	NA
"CONTACT LENS TECH II"	11	NA
"CONTACT LENS TECH III"	11	NA
"CONTACT LENS TECH IV"	10	NA
"CONTMP ISSUES IN ANTHRO"	35	NA
"CONTRACT DRAWING PREP I"	24	NA
"CONTRACT DRAWING PREP II"	24	NA
"CONTROLS BASIC AUTOMATN"	20	NA
"COOLING AND HEATING 1"	18	NA
"COOLING HEATING SYS 1 2B"	24	NA
"COOLING HEATING SYS SV 2"	24	NA
"COOPERATIVE EDUCATION"	31.1111111111111	NA
"COORDINATED STUDIES"	50	NA
"CORPORATE COMMUNICATIONS"	30	NA
"COST ACCOUNTING"	NA	30
"COST CONTROLS"	27	NA
"COSTUMING"	0	NA
"CPR FIRST AID HCARE PROV"	1.30769230769231	NA
"CRANKING/LIGHTING SYSTEM"	20	NA
"CREATIVE NONFICTION"	25	NA
"CREATIVE TECH PRBLM SOLV"	24	NA
"CREATIVE WRITING"	16.4	8.33333333333333
"CREDENTIALS & EMPLOYMENT"	8.33333333333333	NA
"CRISIS MANAGEMENT"	30	NA
"CRIT. ISSUES FOR 21ST CE"	35	NA
"CRITICAL CARE PROCEDURES"	NA	25
"CRITICAL LIT FOR COLLEGE"	25	NA
"CRITICAL THINKING IN NUR"	34	NA
"CROSS CULTRL COMPETENCY"	30	NA
"CSC 142 STUDY SKILLS"	5	NA
"CSP FOR SOCIAL & HUM SVC"	25	NA
"CSTMR SVC PRACTICUM III"	25	NA
"CSTMR SVC PRACTICUM IV"	25	NA
"CULINARY 1"	27	NA
"CULINARY 2"	24	NA
"CULINARY 3"	24	NA
"CULINARY 4"	25	NA
"CULTIVATING CONVERSATION"	25	NA
"CULTRL RLV/ANTI BIAS MTH"	25	NA
"CULTURAL ANTHROPLOGY"	23	NA
"CULTURAL ANTHROPOLOGY"	25.0526315789474	25
"CULTURAL RELV/ANTI-BIAS"	25	NA
"CULTURES OF MIDDLE EAST"	35	NA
"CUST SERVICE PRACTICUM 4"	20	NA
"CUST SVC FOR SD & B"	14	NA
"CUST SVC PRACTICUM II"	42	NA
"CUST SVC PRACTICUM III"	22.25	NA
"CUST SVC PRACTICUM IV"	22.5	NA
"CUSTMR SVC PRACTICUM I"	50	NA
"CUSTMR SVC PRACTICUM II"	45	NA
"CUSTOMER RELATIONS"	26.5714285714286	12.5
"CUSTOMER SVC FOR SD & B"	16.5	NA
"CUSTOMER SVC FOR SD&B"	20	NA
"CUSTOMER SVC PRACTICUM 1"	50	NA
"CUSTOMER SVC PRACTICUM I"	55	NA
"CUSTOMER SVS PRACTICUM 2"	50	NA
"CXL ESL 4A L/S"	29	NA
"CXL ESL 4A R/W"	29	NA
"CXL INTRO TO CARE GIVING"	25	NA
"DAILY FINANCIAL MANAGEME"	6.66666666666667	NA
"DAMAGE ANALYSIS"	25	NA
"DARKROOM TECHNIQUES I"	32	NA
"DATA STRUCTURES ALGORITH"	28	NA
"DATABASE DEV FOR PROGRAM"	30	NA
"DATABASE DEVELOPMENT"	30	NA
"DATABASE II"	24	NA
"DATABASE: MS ACCESS"	6	NA
"DATABASES I"	25.5714285714286	24.8333333333333
"DC PRIN OF ELECTRONICS"	25.6666666666667	NA
"DEATH, DYING & LIVING"	25	NA
"DECKHAND COOK"	18	NA
"DECORATION THEORY 2"	25	NA
"DECORATION THEORY 3"	12	NA
"DENT. ANAT. & MORPHOLOGY"	20	NA
"DENTAL RADIOLOGY I"	20	NA
"DENTAL RADIOLOGY II"	20	NA
"DES 1 PRINC"	20	NA
"DES 1 PRINCIPLES"	20	NA
"Desc Stats w/ Algebra II"	32	NA
"DESC STATS W/ALGEBRA I"	25	NA
"DESCR. STATS W ALGEBRA 1"	32	NA
"DESCRIPTIVE STATISTICS"	32	NA
"DESIGN"	12.4285714285714	NA
"DESIGN-COLOR"	25	NA
"DESIGN-FLAT PATTERNMKING"	20	NA
"DESIGN & CONSTRUCT ENVIR"	24	NA
"DESIGN A LINE"	20	NA
"DESIGN PROJECT CONSIDERA"	19	NA
"DESIGN PROJECT I"	25	NA
"DESIGN PROJECT II"	20	NA
"DESK TOP PUBLISHING"	22	NA
"DESKTOP MGMT VIRTUALIZAT"	24	NA
"DESKTOP PUBLISHING"	25	NA
"DETAILING"	11.75	NA
"DEV & QUAL OF WFT PROCED"	16.4285714285714	NA
"DEVEL NATIONS SINCE 1945"	36	NA
"DEVELOPMENTAL PSYCHOLOGY"	12.5	NA
"Diane C's Test Class"	30	NA
"DIESEL ENGINE MAINTENANE"	18	NA
"DIESEL ENGINE REPAIR AND"	25	NA
"DIFFERENTIAL EQUATIONS"	33.0909090909091	NA
"DIGITAL CAPTURE"	30	NA
"DIGITAL CIRCUITS I"	24	NA
"DIGITAL CIRCUITS II"	26	NA
"DIGITAL DARKROOM TECH."	30	NA
"digital imaging"	25	NA
"DIGITAL IMAGING I"	30	NA
"DIGITAL IMAGING II"	30	NA
"DIGITAL PHOTOGRAPHY I"	21.25	NA
"DIGITAL PHOTOGRAPHY II"	6.25	NA
"DINING RM KITCHEN MGMT"	20	NA
"DINING ROOM THEORY"	45	NA
"DINING ROOM/KITCHEN MGMT"	22	NA
"DINOSAURS"	35	25
"DIR READ IN HUMANITIES"	5	NA
"DIR READING SOCIOLOGY"	5	NA
"DIR READING/ENGLISH"	5	NA
"DIRECT READINGS ENGLISH"	5	NA
"DIRECTING"	7.5	NA
"DIVERSITY & SOCIAL JUSTI"	35	NA
"DIVERSITY ISSUES"	25	NA
"DIVERSITY ISSUES IN BUS"	25	NA
"DIVERSITY ISSUES IN BUS."	25	NA
"DIVERSITY/CULTURE TRAVEL"	30	NA
"DOMESTIC AAND INTL FREIG"	25	NA
"DOOR SKIN/BEAM REPLCEMNT"	25	NA
"DRAFTING DESIGN PROJECTS"	1	NA
"DRAFTING TECH 1"	15	NA
"DRAFTING TECHNOLOGY I"	16.6666666666667	NA
"DRAFTING TECHNOLOGY II"	19.1666666666667	NA
"DRAIN/IRRIGATION SYSTEMS"	20	NA
"DRAWING"	8.69565217391304	NA
"DRAWING I"	26	NA
"DREAMWEAVER"	28.3333333333333	NA
"DRIVE TRAIN"	20	NA
"DRYWALL FINISHERS"	13.4	NA
"DRYWALL FINISHERS 1-2-3"	20	NA
"DRYWALL FINISHERS 4-5-6"	20	NA
"DVANCED GROUP PIANO"	0	NA
"DYNAMICS"	27.4285714285714	NA
"EARLY CHILDHOOD SUPPORT"	0	NA
"EAT GENERATION WRITERS"	35	NA
"ECO SCIENCE MNGMT CONSER"	24	NA
"ECOLOGICAL RESTORATION"	25	NA
"ED 6 CMU/ESP"	0	NA
"ED INTERVIEW FOR ABE/GED"	41.4814814814815	NA
"ED ORIEN/INT"	25	NA
"ED ORIEN\INT"	25	NA
"EDIBLE TREES SHRUBS VINE"	25	NA
"EDP SKILLS"	8.33333333333333	NA
"EDP SKILLS ENHANCEMENT 2"	6.66666666666667	NA
"EDUC'L INTERVIEW FOR ESL"	50.34	NA
"EDUCATION"	30	NA
"EDUCATION:PORTFOLIO WRIT"	20	NA
"EDUCATIONAL INTERVIEW"	47.4285714285714	NA
"EKG"	6.66666666666667	NA
"EKG THEORY"	18.75	NA
"ELECTRICAL-ELECTRONICS,B"	20	NA
"ELECTRICAL CIRCUITS"	28	NA
"ELECTRICL/ELECTNC SYSTMS"	15	NA
"ELECTRONIC NAVIGATION"	18	NA
"ELECTRONICS TECH PROJECT"	16	NA
"ELEM. OF BUSINESS CALC."	32	NA
"ELEMENTARY ALGEBRA"	29.5	5
"ELEMENTARY STATISTICS"	33.2258064516129	35.9166666666667
"ELEMENTS OF WINE PROD II"	20	NA
"ELEMENTS OF WINE PRODIII"	20	NA
"Elements Wine Production"	20	NA
"EMERG MEDICAL TECH."	42	NA
"EMERG MEDICAL TECHNICIAN"	41.75	NA
"EMERGENCY DEPT PRECEPTOR"	24	NA
"EMERGENCY DEPT TECH FUND"	25	NA
"EMERGENCY DEPT TECH LAB"	25	NA
"EMERGENCY MANAGEMENT"	20	NA
"EMISSION CNTRL/DIAGNOSTI"	20	NA
"EMPLOYEE RIGHTS/RESPONS"	16.25	NA
"EMPLOYEE RIGHTS/RESPONSB"	17.5	NA
"EMPOYMENT SEARCH BASICS"	30	NA
"EMT REFRESHER"	24	NA
"END OF LIFE CARE FOR NA"	20	NA
"END OF LIFE CARE FOR NAC"	20	NA
"ENERGY & RESOURCES: NOW"	32	NA
"ENERGY EFFICIENT DESIGN"	25	NA
"ENERGY&RESOURCES-NOW&FUT"	35	NA
"ENG-TO-ASL INTERP I"	20	NA
"ENG DESIGN & CREATIVITY"	24	NA
"ENG TO ASL INTERPRET II"	20	NA
"ENG TO ASL INTERPRET III"	20	NA
"ENGINE COMPUTERS"	20	NA
"ENGINEERING GRAPHICS 1"	24	NA
"ENGINEERING GRAPHICS 2"	24	NA
"ENGINEERING GRAPHICS II"	24	NA
"ENGINEERING ORIENTATION"	27.7	NA
"ENGINEERING PHYSICS I"	28.4736842105263	NA
"ENGINEERING PHYSICS II"	30	NA
"ENGINEERING PHYSICS III"	28.3333333333333	NA
"ENGLISH COMPOSITION"	8.33333333333333	NA
"ENGLISH COMPOSITION I"	25.4884488448845	25.1388888888889
"ENGLISH COMPOSITION II"	0	NA
"ENGLISH FOR NON-NATIVES"	27	NA
"ENGLISH PRONUNCIATION"	28.6666666666667	NA
"ENGLISH PRONUNCIATION 2"	30	NA
"ENGLISH PRONUNCIATION 3"	30	NA
"ENGLISH SAT PREP"	25	NA
"ENGLISH SKILLS SHOP"	51.5217391304348	NA
"ENGR 142 STUDY SKILLS"	5	NA
"Enology Lab Analysis"	20	NA
"ENTERPRISE APPLICATIONS"	30	NA
"ENTREPRENEURIAL MANAGER"	24	NA
"ENTREPRENEURSHIP"	30	NA
"ENTREPRENEURSHIP I"	35	NA
"ENTREPRENEURSHIP II"	30	NA
"ENTREPRENEURSHIP PRODUCT"	35	NA
"ENTRY LEVEL EXAM REVIEW"	25	NA
"ENVIRONMENT HUMAN RIGHTS"	NA	25
"ENVIRONMENTAL GEOLOGY"	33.1666666666667	NA
"ENVIRONMNTL ISSUES/PROBL"	27.7894736842105	25
"ES-ESL-PRE LITERACY"	0	NA
"ESL-LEVEL 1"	15	NA
"ESL-LEVEL 2"	4.75	NA
"ESL-LEVEL 3"	0	NA
"ESL-LEVEL 3B"	32	NA
"ESL-LITERACY"	0	NA
"ESL-PRE-LITERACY"	28	NA
"ESL-PRE LITERACY"	0	NA
"ESL-SPEAKING/LISTENING 1"	27.4285714285714	NA
"ESL-SPEAKING/LISTENING 2"	32	NA
"ESL - LEVEL 1"	0	NA
"ESL - LEVEL 1A"	27.72	NA
"ESL - LEVEL 1A - R & W"	32	NA
"ESL - LEVEL 1A - S & L"	32	NA
"ESL - LEVEL 1B"	28.5454545454545	NA
"ESL - LEVEL 1B - R & W"	32	NA
"ESL - LEVEL 1B - S & L"	32	NA
"ESL - LEVEL 1C"	23.4545454545455	NA
"ESL - LEVEL 1C - R & W"	0	NA
"ESL - LEVEL 1C - S & L"	0	NA
"ESL - LEVEL 2"	5.29166666666667	NA
"ESL - LEVEL 2A"	30.5483870967742	NA
"ESL - LEVEL 2A - R & W"	32	NA
"ESL - LEVEL 2A - S & L"	32	NA
"ESL - LEVEL 2B"	30.2424242424242	NA
"ESL - LEVEL 2B - R & W"	32	NA
"ESL - LEVEL 2B - S & L"	0	NA
"ESL - LEVEL 2C"	30.2	NA
"ESL - LEVEL 3A"	31.2820512820513	NA
"ESL - LEVEL 3A - R & W"	32	NA
"ESL - LEVEL 3A - S & L"	32	NA
"ESL - LEVEL 3B"	31	NA
"ESL - LEVEL 3B - R & W"	32	NA
"ESL - LEVEL 3B - S & L"	0	NA
"ESL - LEVEL 4A"	30.5217391304348	NA
"ESL - LEVEL 4B"	30.3809523809524	NA
"ESL - LEVEL 5A"	31.45	NA
"ESL - LEVEL 5B"	31.3529411764706	NA
"ESL - LEVEL 6A"	19.2	NA
"ESL - LEVEL 6B"	9.14285714285714	NA
"ESL - WORK SEARCH SKILLS"	30	NA
"ESL 1"	21.875	NA
"ESL 1 L/S"	23.6111111111111	NA
"ESL 1 L/SP"	25	NA
"ESL 1 LITERACY"	7.35294117647059	NA
"ESL 1 R/W"	23.4375	NA
"ESL 1 SKILLS"	0	NA
"ESL 1 SKILLS LAB"	0	NA
"ESL 2"	14.3333333333333	NA
"ESL 2 L/S"	24.1666666666667	NA
"ESL 2 R/W"	24.21875	NA
"ESL 2 SKILLS"	0	NA
"ESL 2 SKILLS LAB"	0	NA
"ESL 3"	35.3333333333333	NA
"ESL 3 C.A.L.L."	0	NA
"ESL 3 CALL"	0	NA
"ESL 3 L/S"	28.175	NA
"ESL 3 R/W"	28.275	NA
"ESL 3 SKILLS"	0	NA
"ESL 3 SKILLS LAB"	0	NA
"ESL 4"	34	NA
"ESL 4 C.A.L.L."	0	NA
"ESL 4 CALL"	0	NA
"ESL 4 SKILLS"	0	NA
"ESL 4 SKILLS LAB"	0	NA
"ESL 4A L/S"	28.0333333333333	NA
"ESL 4A R/W"	28.2368421052632	NA
"ESL 4B L/S"	29	NA
"ESL 4B L/SP"	29	NA
"ESL 4B R/W"	29	NA
"ESL 4B READING & WRITING"	29	NA
"ESL 5 COLLEGE PREP R/W"	14.5	NA
"ESL 5 CP"	28.75	NA
"ESL 5 CP R/W"	29	NA
"ESL 5 SKILLS"	0	NA
"ESL 5 SKILLS LAB"	0	NA
"ESL 5A L/S"	29	NA
"ESL 5A R/W"	29	NA
"ESL 5B L/S"	29	NA
"ESL 5B R/W"	29	NA
"ESL 5B READING/WRITING"	29	NA
"ESL 6 COLLEGE PREP R/W"	0	NA
"ESL A/P"	28	NA
"ESL BEGINNING LITERACY"	15	NA
"ESL COLLEGE READINESS"	25	NA
"ESL COMPUTER SKILLS 2"	31.6666666666667	NA
"ESL COMPUTER SKILLS 3"	32.5	NA
"ESL COMPUTER SKILLS 4"	32.5	NA
"ESL for IT"	25	NA
"ESL GRAMMAR,TRANSITION 1"	25	NA
"ESL GRAMMAR,TRANSITION 2"	25	NA
"ESL I READING & WRITING"	25	NA
"ESL LEVEL 1"	19.5	NA
"ESL LEVEL 1A"	35	NA
"ESL LEVEL 1B"	35	NA
"ESL LEVEL 1C"	30	NA
"ESL LEVEL 2"	16.25	NA
"ESL LEVEL 2A"	35	NA
"ESL LEVEL 2B LIT"	35	NA
"ESL LEVEL 2C"	35	NA
"ESL LEVEL 3"	10.4347826086957	NA
"ESL LEVEL 4"	0	NA
"ESL LEVEL 4A"	32	NA
"ESL LEVEL 4A - R & W"	32	NA
"ESL LEVEL 4A - S & L"	32	NA
"ESL LEVEL 4B"	24	NA
"ESL LEVEL 4B - R & W"	33	NA
"ESL LEVEL 4B - S & L"	0	NA
"ESL LEVEL 5"	0	NA
"ESL LEVEL 5A"	33.5	NA
"ESL LEVEL 5A - R & W"	32	NA
"ESL LEVEL 5A - S & L"	32	NA
"ESL LEVEL 5B"	13.4	NA
"ESL LEVEL 5B - R & W"	21.3333333333333	NA
"ESL LEVEL 5B - S & L"	0	NA
"ESL LEVEL 6A"	32	NA
"ESL LEVEL 6A - R & W"	32	NA
"ESL LEVEL 6A - S & L"	32	NA
"ESL LEVEL 6B - R & W"	0	NA
"ESL LEVEL 6B - S & L"	0	NA
"ESL LIT - LEVEL 1A"	25.8333333333333	NA
"ESL LIT - LEVEL 1B"	25.8333333333333	NA
"ESL LITERACY"	0	NA
"ESL MATH - BEGINNING"	31.6666666666667	NA
"ESL MATH SKILLS"	32.5	NA
"ESL MATH SKILLS - HIGH"	30	NA
"ESL MED TERM"	29	NA
"ESL READING,TRANSITION 1"	25	NA
"ESL READING,TRANSITION 2"	25	NA
"ESL SPEAK/LISTEN 3"	30	NA
"ESL SPEAK/LISTEN LEV 2"	25	NA
"ESL SPEAK/LISTEN LEV 3"	25	NA
"ESL SPEAK/LISTEN LEVEL 3"	21.2	NA
"ESL SPEAK/LISTEN LEVEL 4"	32	NA
"ESL SPEAK/LISTEN LEVEL 5"	32	NA
"ESL SPEAK/LISTEN LEVEL 6"	0	NA
"ESL WRITING,TRANSITION 1"	25	NA
"ESL WRITING,TRANSITION 2"	25	NA
"ESL2 L/S"	25	NA
"ESL3 C.A.L.L."	0	NA
"ESL4 C.A.L.L."	0	NA
"ESL4 C.A.L.L.."	0	NA
"ESL4A L/S"	29	NA
"ESL4B L/S"	29	NA
"ESL5 C.A.L.L."	0	NA
"ESL5 C.A.L.L.."	0	NA
"ESL5A L/S"	29	NA
"ESL5A R/W"	29	NA
"ESL5B L/S"	29	NA
"ESSENTIALS OF HVAC"	24	NA
"ETHICAL CONCEPTS"	8.33333333333333	8.33333333333333
"ETHICAL LEADERSHIP"	30	NA
"ETHICS AND JURISPRUDENCE"	NA	20
"ETHICS FOR LOAN ORIGINAT"	25	NA
"ETHICS IN ACCOUNTING"	NA	30
"ETHICS OF INTERPRETING"	40	NA
"EXAMS BY BODY SYSTEMS"	6.66666666666667	NA
"EXCEL"	26.6666666666667	NA
"EXCEL FOR BUSINESS"	28	NA
"EXCEL FOR CULINARY ARTS"	24	NA
"EXCEPTIONAL CHILD"	25	NA
"EXTERIOR FINISHES"	5.66666666666667	NA
"FABRIC OF ALUMINUM WELD"	16.875	NA
"FABRICATION ESTIM/LAYOUT"	18.125	NA
"FABRICATION/CAC-A/PAC"	23.3333333333333	NA
"FALL PLANT IDENTIFICAT'N"	28	NA
"FAMILIES IN A NEW CULTUR"	5	NA
"FAMILY COUNSELING"	30	NA
"FAMILY NURSING"	40	NA
"FAMILY NURSING CLINICAL"	37	NA
"FAMILY NURSING THEORY"	33	NA
"FASHION HISTORY"	20	NA
"FCAW Flux Core Metal Arc"	23.75	NA
"FIELD PLACEMENT: SHS"	22.5	NA
"FIELD PLACEMENT:CHEM DEP"	12.5	NA
"FINAL LINE DESIGN & DEV"	20	NA
"FINDING & USING MAGAZINE"	NA	25
"FINDING IN USING BOOKS"	NA	25
"FINE DINING BAKING: PRAC"	22.5	NA
"FINE DINING BAKING:PRACT"	20	NA
"FINISHING II"	11	NA
"FINISHING III"	11	NA
"FIRST AID & PERSONAL SAF"	25	NA
"FLAME SHAPING/FORM METHD"	16	NA
"FLASH"	28.3333333333333	NA
"FLAT PATTERNMAKING II"	20	NA
"FLD PLACEMENT: CHEM DEP"	27.5	NA
"FLOORCOVERING"	20	NA
"FOCUS ON WRITING 2"	32	NA
"FOCUS ON WRITING 3"	32	NA
"FOCUS ON WRITING 5"	32	25
"FOCUS ON WRITING 6"	0	0
"FOCUS ON WRITING LEVEL 2"	32	NA
"FOCUS ON WRITING LEVEL 3"	32.8	NA
"FOCUS ON WRITING LEVEL 4"	32.2727272727273	NA
"FOCUS ON WRITING LEVEL 5"	21.2222222222222	NA
"FOCUS ON WRITING LEVEL 6"	0	NA
"FOOD COST PRINC.& APPLIC"	37.5	NA
"FOOD COSTING PRINCIPLES"	43.5	NA
"FOOD SERVER 3"	35	NA
"FOOD SERVER LEAD"	35	NA
"FOOD THEORY I"	29.1666666666667	NA
"FOOD THEORY II"	26.6666666666667	NA
"FOOD THEORY III"	24.1666666666667	NA
"FOOD THEORY IV"	23.1666666666667	NA
"FOOD WINE PAIRING CHEESE"	20	NA
"FOOD WINE PAIRING VARIII"	30	NA
"FOOD&WINE PAIRING-VAR I"	28	NA
"FOOD&WINE PAIRING-VAR II"	28	NA
"FORENSIC ACCOUNTING"	NA	22.5
"FORKLIFT CERTIFICATION"	12	NA
"FOUNDATION SYSTEM"	5.66666666666667	NA
"FOUNDATIONS OF COLOR"	25	NA
"FOUNDATIONS OF EARLY LEA"	24.25	NA
"FRAMING SYSTEMS"	7.33333333333333	NA
"FRAUD EXAMINATION"	NA	17.5
"FRENCH I"	30.3846153846154	NA
"FRENCH II"	30	NA
"FRENCH III"	30	NA
"FRENCH IV"	30	NA
"FRENCH V"	30	NA
"FRENCH VI"	30	NA
"FRONT OFFICE BASICS"	8.33333333333333	NA
"FULL/PARTIAL PANEL REPLC"	15	NA
"FUNCTIONS OF MANAGEMENT"	32	NA
"FUND FLUID PWR & ALT ENG"	24	NA
"FUND OF ORGANIC CHEM"	24	NA
"FUND OF PSYCH RESEARCH"	30.5	NA
"FUND OF SUPERVISION"	25	NA
"FUND. OF MARINE ELECTRIC"	18	NA
"FUND.OF DENTAL HYGIENE I"	20	NA
"FUNDAMENTALS OF DHY II"	21	NA
"FUNDAMENTALS OF DHY III"	20	NA
"FUNDAMENTALS OF DHY V"	20	NA
"FUNDAMENTALS OF DHY VI"	20	NA
"FUNDAMENTALS OF DHY VII"	20	NA
"FUNDAMENTALS OF MUSIC"	6.25	NA
"FUNDMNTAL OF SUPERVISION"	25	NA
"FUNDRAISING AND GRANTWRI"	25	NA
"G-MANGER 1"	35	NA
"G-MANGER 2"	35	NA
"GARDEN RENOVATION"	25	NA
"GAS METAL & FLUX WELDING"	25	NA
"GAS METAL&FLUX CORE ARC"	17.5	NA
"GAS METAL&FLUX CORE WELD"	16.25	NA
"GAS TUNGSTEN ARC WELDING"	17.5	NA
"GAS TUNGSTEN WELDING"	16.25	NA
"GAY & LESBIAN STUDIES"	30	25
"GED 5"	0	NA
"GED 5 CMU/ESP"	0	NA
"GED 5 COMM"	0	NA
"GED 5 COMM ESP"	0	NA
"GED 5 COMMUNICATIONS"	0	NA
"GED 5 MATH"	0	NA
"GED 5 MATH ESP"	0	NA
"GED 5 MATH/ESP"	0	NA
"GED 6"	0	NA
"GED 6 CMU/ESP"	0	NA
"GED 6 COMM"	0	NA
"GED 6 COMM ESP"	0	NA
"GED 6 COMMUNICATIONS"	0	NA
"GED 6 MATH"	0	NA
"GED 6 MATH ESP"	0	NA
"GED 6 MATH/ESP"	0	NA
"GED ADVANCED MATH"	0	NA
"GED COMM BASIC"	34	NA
"GED MATH 5"	0	NA
"GED MATH 6"	0	NA
"GED PREP 5"	0	NA
"GED PREP 6"	0	NA
"GED PREP COMM 5"	0	NA
"GEND,RACE&CLASS IN LIFES"	0	NA
"GENDER AND FAMILY COMM"	0	NA
"GENEALOGY"	36.6666666666667	NA
"GENERAL BIOLOGY W/ LAB"	23.5	NA
"GENERAL BIOLOGY W/LAB"	28.5081967213115	NA
"GENERAL BIOLOGY WITH LAB"	32	NA
"GENERAL CHEM W/ LAB I"	20	NA
"GENERAL CHEM W/ LAB II"	24	NA
"GENERAL CHEM W/LAB I"	29.5925925925926	NA
"GENERAL CHEM W/LAB II"	27.9166666666667	NA
"GENERAL CHEM W/LAB III"	28.375	NA
"GENERAL CHEMISTRY PREP"	32.6875	26.0833333333333
"GENERAL GENETICS"	32	NA
"GENERAL PHYSICS I"	28.8	NA
"GENERAL PHYSICS II"	30.6	NA
"GENERAL PHYSICS III"	30.25	NA
"GENERAL PSYCHOLOGY"	32.6944444444444	25.8857142857143
"GEOL FIELD DAY-FIDALGO"	20	NA
"GEOL FIELD DAY-VANTAGE"	20	NA
"GEOLOGY FIELD DAY"	22.5	NA
"GEOLOGY OF PACIFIC NW"	24	NA
"GEOLOGY OF WASHINGTON"	6	NA
"GEOMETRIC DIMEN.& TOLER."	17.5	NA
"GERMAN I"	30	NA
"GERMAN II"	30	NA
"GERMAN III"	30	NA
"GERONTOLOGY FOR NURSES"	50	NA
"GLAZIERS 1ST & 4TH"	20	NA
"GLAZIERS 3RD YEAR"	20	NA
"GLAZIERS 4TH YEAR"	20	NA
"GLAZIERS WELDING"	15	NA
"GLOBAL HEALTH"	34	NA
"GLOBAL MARKETING"	25	NA
"GMAW Gas Metal Arc Wldg."	23.75	NA
"GOV & POL OF MIDDLE EAST"	35.5	NA
"GOV/POLITICS MIDDLE EAST"	35	NA
"GRAMMAR & PUNCTUATION I"	25	NA
"GRAPH DESIGN I"	26	NA
"GRAPHIC DESIGN III"	25	NA
"GRAPHIC DESIGN IV"	25	NA
"GRAPHIC DESIGN V"	25	NA
"GRAPHIC DESIGN VI"	25	NA
"GRAPHIC DESIGN VII"	25	NA
"GRAPHIC DESIGN X"	25	NA
"GRAPHIC II"	25	NA
"GRAPHIC PRODUCTION 1"	26	NA
"GRAPHIC PRODUCTION I"	26	NA
"GRAPHIC PRODUCTION II"	25	NA
"GRAPHIC PRODUCTION III"	25	NA
"GRAPHIC PRODUCTION IV"	20	NA
"GRAPHIC PRODUCTION V"	25	NA
"GRAPHIC VI"	25	NA
"GREEN BUILDING MATERIALS"	25	NA
"GREEN HVAC"	25	NA
"GREEN REAL ESTATE"	25	25
"GREENHOUSE OPERATIONS"	25	NA
"GROUP PIANO 4TH QTR"	13	NA
"GROUP PIANO 5TH QTR"	13.3333333333333	NA
"GROUP PIANO 6TH QTR"	13.8461538461538	NA
"GRP BEHAVIOR & SUPERVISR"	25	NA
"GRP DYNAMICS & COUNSELNG"	32.8571428571429	NA
"GTAW Gas Tungsten Arc"	24	NA
"GUIDE/SUPP YOUNG CHILD"	7.5	NA
"GUIDING SCHOOL AGE CHILD"	30	NA
"GYN/PEDIATRICS"	8.33333333333333	NA
"HANDWRITING"	25	NA
"HANDWRITING LEVEL 1"	25	NA
"HEAD AND NECK ANATOMY"	20	NA
"HEALTH & HUMAN FITNESS"	35	NA
"HEALTH & HUMAN SEXUALITY"	36	26
"HEALTH & WELLNESS"	NA	25
"HEALTH AND WELLNESS"	34.4	26.1666666666667
"HEALTH CARE PROVIDER CPR"	20.3636363636364	NA
"HEALTH PROM AND ED NSG"	40	NA
"HEALTH PROM/MANAGING CAR"	50	NA
"HEALTH PROMOTION"	20	NA
"HEALTH PSYCHOLOGY"	36	NA
"HEALTHCARE PROVIDER CPR"	35.6666666666667	NA
"HEALTHY BUILDINGS AND IN"	25	NA
"HEAVY EQUIPMENT I"	10	NA
"HEAVY EQUIPMENT II"	10	NA
"HEAVY EQUIPMENT III"	10	NA
"HELP DESK OPERATIONS"	24	NA
"HELP DESK/RESEARCH/CUSTS"	25	25
"HELPDESK OPERATIONS"	24	NA
"HEMATOLOGY"	6.66666666666667	NA
"HERBACEOUS PLANT ID"	25	NA
"HIGH PERFORMANCE BUILDIN"	20	NA
"HIP-HOP THEORY & CULTURE"	NA	25
"HIP HOP THEORY & CULTURE"	35	NA
"HIP HOP THEORY/CULTURE"	35	NA
"HIRING PERSONNEL"	24.5	NA
"HIST OF GRAPHIC COMMUNIC"	25	NA
"HIST OF THE MIDDLE EAST"	41.6666666666667	NA
"HISTORICAL GEOLOGY"	32	NA
"HISTORY OF BROADCASTING"	35	NA
"HISTORY OF FILM"	NA	25
"HISTORY OF FILM & VIDEO"	32	NA
"HISTORY OF GRAPHIC DESIN"	26	NA
"HISTORY OF JAZZ"	35	25
"HISTORY OF LATIN AMERICA"	36	NA
"HISTORY OF THE HOLOCAUST"	35	NA
"HIV/AIDS"	8.33333333333333	8.33333333333333
"HIV/AIDS AND HIPAA"	28.6666666666667	NA
"HIV/AIDS EDUCATION"	27.8	NA
"HIV/AIDS WORKSHOP"	36.6666666666667	NA
"HORTICULTURE SCIENCE I"	28	NA
"HORTICULTURE SCIENCE II"	25	NA
"HORTICULTURE WRITING"	25	NA
"HOSP MANAGEMENT CAPSTONE"	30	NA
"HOSPITALITY ACCOUNTING"	26.6666666666667	NA
"HOSPITALITY COMPUTER APP"	30	NA
"HOSPITALITY MANAGEMENT"	26.6666666666667	NA
"HOSPITALITY MARKETING"	28.5	NA
"HS WORKSHOP:PROFESSIONAL"	30	NA
"HSW: BUDGET & FINANCE"	35	NA
"HSW:ASAM ASSESSMENT"	31.6666666666667	NA
"HSW:CHILD ABUSE & NEGLEC"	35	NA
"HSW:FAMILY & INTIMATE RE"	30	NA
"HSW:FAMILY COUNSELING"	32.5	NA
"HSW:GRIEF AND LOSS"	32.5	NA
"HSW:INTERVENTION TECHNIQ"	30	NA
"HSW:JUVENILE JUSTICE"	35	NA
"HSW:MULTISYSTEMIC THERAP"	30	NA
"HSW:PERSONNEL & SUPERVIS"	30	NA
"HSW:PREV SPECIA TRAINING"	32.5	NA
"HSW:PROFESSI DEVELOPMENT"	17.75	NA
"HSW:PROGRAM DEVELOPMENT"	31.6666666666667	NA
"HSW:SPIRIT.IN RECOVERY"	30	NA
"HSW:WORKING W/OLDER ADUL"	30	NA
"HUMAN A & P 1"	29.7058823529412	28.3333333333333
"HUMAN A & P 2"	29.2678571428571	27.5
"HUMAN A & P I"	23.8260869565217	NA
"HUMAN A & P II"	23.4210526315789	NA
"HUMAN ANP & PHY I"	27	NA
"HUMAN DEVELOPMENT"	28	NA
"HUMAN GENETICS"	24	NA
"HUMAN NUTRITION"	35	25.6304347826087
"HUMAN PATHOLOGY"	NA	22
"HUMAN RESOURCE MANAGEMEN"	30	NA
"HUMAN RESOURCE MGMNT"	25	NA
"HUMAN RESOURCE MGMT"	25	25
"HUMAN SERVICES WORKSHOP"	30	NA
"HUMAN SEXUALITY"	29.5714285714286	12.5
"HUMAN WELLNESS & FITNESS"	35	19
"HUMANITIES I"	35	NA
"HUMANITIES II"	30	NA
"HUMANITIES III"	30	NA
"HVAC"	20	NA
"HVAC 203 BLV"	7	NA
"HVAC 403 KNT"	7	NA
"HVAC ELECTRICIANS"	20	NA
"HVAC II"	7	NA
"HVAC IV"	6	NA
"HYDRAULICS & PNEUMATICS"	20	NA
"I'PERSONAL COMM WORKPLAC"	25.3333333333333	27.5
"IDS 3: BIOL & EARTH SCI"	24	NA
"IFS / CPR / AED"	9.16666666666667	NA
"IFS/CPR/AED FT INSTRUCT"	8.33333333333333	NA
"ILLUSTRATOR"	28	NA
"IN-HOUSE PRODUCTIONS"	30	NA
"IND BLUEPRINT READING"	15	NA
"IND STDY:HUM A&P LAB AST"	1	NA
"IND STUDY"	10	NA
"IND STUDY-GRAPHIC DESIGN"	5	NA
"IND STUDY IN RESP. CARE"	4.85714285714286	NA
"IND STUDY IN UNDG RESEAR"	27	NA
"IND STUDY: ACCOUNTING"	3	NA
"IND STUDY:CMPTR INFO SYS"	19.5	NA
"IND STUDY:SELECTED TOPIC"	10	NA
"IND. INST: CLASSIC PIANO"	10	NA
"IND. INST: PERCUSSION"	9.16666666666667	NA
"IND. INST: PIANO"	10	NA
"IND. INST: PIANO, JAZZ"	10	NA
"IND. INST: WOODWINDS"	10.3846153846154	NA
"IND. INSTRUCTION"	10	NA
"IND. INSTRUCTION: VOICE"	9.60526315789474	NA
"IND. PROJECTS IN THEATER"	6.66666666666667	NA
"IND. RESEARCH-CHEMISTRY"	16	NA
"IND. RESEARCH - BIOLOGY"	8.5	NA
"IND. RESEARCH - CHEM"	16	NA
"IND. RESEARCH BIOLOGY"	16	NA
"IND. STUD. VIDEO COMMUN."	5	NA
"IND. STUDIES/BIOLOGY"	1	NA
"IND. STUDY-ENGINEERING"	5	NA
"IND. STUDY IN JOURNALISM"	5	NA
"IND. STUDY IN POL. SCI."	5	NA
"IND. STUDY IN PSYCHOLOGY"	2.2	NA
"IND. STUDY/INTERNSHIP"	25	NA
"IND. TRANSFORMERS & MOTO"	0	NA
"IND.BRASS INSTRUCTION"	5	NA
"IND.INST.PIANO,CLASSICAL"	10	NA
"IND.INST:PIANO,CLASSICAL"	10	NA
"IND.STUDY IN PHILOSOPHY"	5	NA
"INDEP STDY: VIRAL PATHOL"	5	NA
"INDEP STUDY OR RESEARCH"	5	NA
"INDEP. STUDY IN NURSING"	3.4	NA
"INDEP. STUDY/FRENCH"	5	NA
"INDEP. STUDY/JAPANESE"	5	NA
"INDEP. STUDY/SPANISH"	5	NA
"INDEPEND PROJECT/CULINAR"	6.16666666666667	NA
"Independant Wine Study"	12	NA
"INDEPENDENT FITNESS"	21.5714285714286	NA
"INDEPENDENT HUM PROJECTS"	5	NA
"INDEPENDENT RESEARCH"	8.61538461538461	NA
"INDEPENDENT RESEARCH/SCI"	36	NA
"INDEPENDENT STDY BIOLOGY"	1	NA
"INDEPENDENT STDY/SPANISH"	10	NA
"Independent study"	1	NA
"INDEPENDENT STUDY"	7.28571428571429	NA
"INDEPENDENT STUDY-ASL"	5	NA
"INDEPENDENT STUDY-GEOLOG"	3	NA
"INDEPENDENT STUDY-ITP"	3.83333333333333	NA
"INDEPENDENT STUDY-MATH"	1	NA
"INDEPENDENT STUDY-NANO T"	1	NA
"INDEPENDENT STUDY-SMG"	5.33333333333333	NA
"INDEPENDENT STUDY - FRCH"	5	NA
"INDEPENDENT STUDY - JAPN"	5	NA
"INDEPENDENT STUDY - POL"	5	NA
"INDEPENDENT STUDY - SPAN"	5	NA
"INDEPENDENT STUDY ANTHRO"	10	NA
"INDEPENDENT STUDY/FRENCH"	10	NA
"INDEPENDENT STUDY: BIO"	1	NA
"INDEPENDENT STUDY:ENGR"	1	NA
"INDEPENDNT STDY SPANISH"	9	NA
"INDEPENT STUDY"	1	NA
"INDEPT STDY: ANP SYSTEMS"	1	NA
"INDIV GUITAR INSTRUCTION"	5	NA
"INDIV INST COMPOSITION"	5	NA
"INDIV INSTRUCT:STRINGS"	5	NA
"INDIV INSTRUCTION PIANO"	5	NA
"INDIV PERCUS INSTRUCTION"	5	NA
"INDIV VOICE INSTRUCTION"	10	NA
"INDIVIDUAL INCOME TAX"	32.5	26.6666666666667
"INDIVIDUAL INST: BRASS"	10	NA
"INDIVIDUAL INST: GUITAR"	10	NA
"INDIVIDUAL INST: HARP"	10	NA
"INDIVIDUAL INST: STRINGS"	10	NA
"INDIVIDUAL STUDY - PSYCH"	3	NA
"INDIVIDUAL: BRASS"	5	NA
"INDIVIDUAL: COMPOSITION"	5	NA
"INDIVIDUAL: GUITAR"	5	NA
"INDIVIDUAL: PERCUSSION"	5	NA
"INDIVIDUAL: PIANO"	5	NA
"INDIVIDUAL: STRINGS"	5	NA
"INDIVIDUAL: VOICE"	8.23529411764706	NA
"INDIVIDUAL: WOODWINDS"	1	NA
"INDP STDY:ANAT LAB"	1	NA
"INDP STDY:FOREST ECOSYST"	2	NA
"INDP STDY:JAVA SCRIPT"	20	NA
"INDPENDENT STUDY"	5	NA
"INDPT. STUDY IN NURSING"	1	NA
"INDUSTRIAL BLUEPRINT REA"	16.6666666666667	NA
"INDUSTRIAL MOTOR CONTROL"	24	NA
"INDUSTRIAL MOTOR DRIVES"	24	NA
"INDUSTRY INTERNSHIP"	11.6666666666667	NA
"INDUSTRY INTERNSHIP ITEC"	7.5	NA
"INFECTIOUS DISEASES"	NA	25
"INFERENTIAL STATISTICS"	32	NA
"INFO & DATABASE MGMT"	25	NA
"INFO & DATABASE MGT"	25	NA
"INFO IN ACT:FINDING & EV"	10	NA
"INFO IN ACT:FINDING & US"	20	NA
"INFO IN ACT:MAGAZINE & N"	20	NA
"INFO IN ACT:SCHOLARLY IN"	20	NA
"INFO IN ACTION BOOKS MED"	25	NA
"INFO IN ACTION RES DATA"	25	NA
"INFO IN ACTION RESEARCH"	25	25
"INFO IN ACTION SCHOLARLY"	25	25
"INFO IN ACTION WEB RES"	25	NA
"INFO IN ACTION WEB RESCH"	25	25
"INFO IN ACTION: RESEARCH"	20	NA
"INFO KNOWLEDGE & POWER"	25	NA
"INFO LIT PROG ASSESSMENT"	30	NA
"INFO TECH 1"	25	NA
"INFORMATION CMPT CONCPTS"	24	NA
"INFORMATION LITERACY"	30	NA
"INFORMATION LITERACY AND"	30	NA
"INFORMATION TECH I"	18	NA
"INFORMATION TECH II"	25	NA
"INFORMATION TECH III"	25	NA
"INSPECTING REAL ESTATE"	35	NA
"INT'L COOKING: PRACTICUM"	23.75	NA
"INT DESSERTS & BREADS"	16.5	NA
"INT DESSERTS & BREADS PR"	17	NA
"INT GROUP PIANO-I"	0	NA
"INT GROUP PIANO-II"	0	NA
"INT GROUP PIANO I"	0	NA
"INT GROUP PIANO II"	0	NA
"INT GROUP VOCICE"	15	NA
"INT. GROUP INST: VOICE"	31.25	NA
"INT. TO INFOR. RESOURCES"	25	NA
"INTEG COMM I"	25	NA
"INTEG COMMUNICATIONS I"	25	NA
"INTEG COMMUNICATIONS II"	25	NA
"INTEGRATED COMM I"	31.4545454545455	NA
"INTER ALGEBRA"	32	NA
"INTER CAD DRAFT/CONS&DES"	24	NA
"INTER WEIGHT TRAINING"	0	NA
"INTERCULTURAL COMMUNIC"	35	NA
"INTERCULTURAL COMMUNICAT"	0	NA
"INTERCULTURE COMMUNICATI"	35	NA
"INTERDISCIPLINARY SCI 1"	24	NA
"INTERGRATED COMM I"	25	NA
"INTERIOR FINISHES"	5.66666666666667	NA
"INTERM ACCOUNTING I"	NA	37
"INTERM ACCOUNTING II"	NA	25
"INTERM CAD FOR ARCHT/ENG"	24	NA
"INTERM PATTERN GRADING"	20	NA
"INTERM. ACCOUNTING I"	NA	30
"INTERM. ACCOUNTING II"	NA	25
"INTERMED BIM FOR DESIGN"	24	NA
"INTERMED COMP LEARNING"	25	NA
"INTERMED COMPUTER SKILLS"	12.5	NA
"INTERMED MARTIAL ARTS"	0	NA
"INTERMED PHYSICAL FITNES"	0	NA
"INTERMED. GROUP PIANO I"	0	NA
"INTERMED. GROUP PIANO II"	0	NA
"INTERMEDIATE ACCOUNTG I"	NA	26.6666666666667
"INTERMEDIATE ALGEBRA"	26.4358974358974	25.875
"INTERMEDIATE CAD 2-D"	19.1666666666667	NA
"INTERMEDIATE GROUP VOICE"	0	NA
"INTERMEDIATE MARTIAL ART"	1.125	NA
"INTERMEDIATE PIANO I"	0	NA
"INTERMEDIATE PIANO II"	0.0909090909090909	NA
"INTERMEDIATE TENNIS"	0	NA
"INTERMEDIATE YOGA"	25	NA
"INTERN SUSTAINABLE AGRI"	30	NA
"INTERNATIONAL COMM"	0	NA
"INTERNATIONAL COOKING:PR"	25	NA
"INTERNATIONAL RELATIONS"	36.35	NA
"INTERNET AND WEB AUTHORI"	NA	25
"INTERNET LAW"	24	NA
"INTERNET/PRINT PRACTICUM"	10	NA
"INTERNSHIP"	13.1818181818182	NA
"INTERNSHIP HEAVY DUTY D"	13	NA
"INTERNSHIP/CO-OP ED-SMG"	9	NA
"INTERPERSONAL COMMUNICAT"	25	NA
"INTERPERSONAL COMMUNICTN"	35	NA
"INTERPRET/SPEC SETTINGS"	40	NA
"INTERPRETING IV"	20	NA
"INTERPRETING V"	30	NA
"INTERSHIP"	25	NA
"INTERSHIP LECTURE"	30	NA
"INTERVIEW,RESUME,JOBHUNT"	10	NA
"INTL CO-OP EDUCATION"	20	NA
"INTL TRADE GLOBAL MARKET"	30	NA
"INTM CONST FOR PROF APPS"	20	NA
"INTO TO COMPUTER PROGRAM"	25	25
"INTO TO FILM"	23	NA
"INTRAVENOUS THERAPY SKLL"	36	NA
"INTRO AMERICAN CULTURE"	35	NA
"INTRO APPLY ACAD STRATGY"	25	NA
"INTRO ASIAN CINEMA"	NA	25
"INTRO CARPENTRY BLUEPRIN"	5.66666666666667	NA
"INTRO CLINICAL SOFTWARE"	25	NA
"INTRO CONST LEVEL 3"	20	NA
"INTRO CUL ARTS:PRACTICUM"	15	NA
"INTRO DESSERTS/BREADS PR"	19	NA
"INTRO DESSERTS/BREADS TH"	18	NA
"INTRO DESSERTS/BREADS:PR"	20	NA
"INTRO DIGITAL PHOTOGRAPH"	25	NA
"INTRO ECO RESTORATION"	25	NA
"INTRO FOOD & WINE PAIRIN"	28	NA
"INTRO GROWING CHEFS GARD"	20	NA
"INTRO INFORM SYS CONCEP"	12	NA
"INTRO MANUFACTURING"	15	NA
"INTRO NETWORK SECURITY"	30	NA
"INTRO PHYSICAL SCIENCE"	0	NA
"INTRO POLITICAL SCIENCE"	35.2307692307692	25
"INTRO SOILS SCIENCE REST"	24	NA
"INTRO TO ABORICULTURE"	32	NA
"INTRO TO ACCOUNTING I"	26.5384615384615	25
"INTRO TO ACCT. II"	25	NA
"INTRO TO ACCTG II"	NA	25
"INTRO TO ACCTG/BOOKG I"	22.5	25
"INTRO TO ACCTG/BOOKG II"	30	25
"INTRO TO AIR AND SEA OPE"	25	NA
"INTRO TO ALLOING & JEWEL"	0	NA
"INTRO TO ALLOWING AND JE"	0	NA
"INTRO TO AMERICAN CUL"	35	NA
"INTRO TO AMERICAN CULTUR"	35	NA
"INTRO TO ANIMAL BEHAVIOR"	24	NA
"INTRO TO APP DSGN I"	20	NA
"INTRO TO APPAREL MANUFAC"	20	NA
"INTRO TO ASIAN CINEMA"	NA	25
"INTRO TO AUTO COLLISION"	10	NA
"INTRO TO AUTO TECH I"	19.3333333333333	NA
"INTRO TO AUTO TECH II"	19.3333333333333	NA
"INTRO TO AUTOMOTIVE I"	20	NA
"INTRO TO AUTOMOTIVE II"	19.25	NA
"INTRO TO BAKING MNGMT"	25	NA
"INTRO TO BIOCHEMISTRY"	27	NA
"INTRO TO BIOETHICS"	NA	25
"INTRO TO BROADBAND"	20.5	NA
"INTRO TO BUSINESS"	30.1428571428571	26.2307692307692
"INTRO TO C++ PROGRAMMING"	30	NA
"INTRO TO CA: PRACTICUM"	20	NA
"INTRO TO CAD 2-D"	15	NA
"INTRO TO CAD/ARCH & ENGI"	24	NA
"INTRO TO CADD"	16	NA
"INTRO TO CARE GIVING"	25	NA
"INTRO TO CHEESE MAKING"	21.6666666666667	NA
"INTRO TO CHEM DEPENDENCY"	30	NA
"INTRO TO CHEM. DEPENDCY"	30	NA
"INTRO TO CHEMISTRY"	27.1714285714286	27
"INTRO TO CMPTR PROGMING"	27	25
"INTRO TO COMM REAL ESTAT"	30	NA
"INTRO TO COMMUNICATION"	25	NA
"INTRO TO COMP ASST LANG"	5.18181818181818	NA
"INTRO TO COMPUTER HARDWR"	24	NA
"INTRO TO COMPUTER HDWARE"	12	NA
"INTRO TO COMPUTER PROG"	29.5	NA
"INTRO TO COMPUTER PROGRM"	30	NA
"INTRO TO COMPUTING TECH"	24.1666666666667	22.5
"INTRO TO CONCERT DANCE 1"	0	NA
"INTRO TO CONCERT DANCE 2"	0	NA
"INTRO TO CONCERT DANCE 3"	0	NA
"INTRO TO CUL ARTS:PRAC"	20	NA
"INTRO TO CUL ARTS:THEORY"	23.3333333333333	NA
"INTRO TO CUST SERVICE"	25	NA
"INTRO TO DESKTOP PUBL."	25	NA
"INTRO TO DESSERTS & BREA"	20	NA
"INTRO TO DESSERTS&BREADS"	20	NA
"INTRO TO DRAMA"	35	NA
"INTRO TO DREAMWEAVER"	NA	0
"INTRO TO DRIVABILITY"	19	NA
"INTRO TO DRIVEABILITY"	19.5	NA
"INTRO TO E-BUS/COMMERCE"	25	25
"INTRO TO EAST RELIGIONS"	35	NA
"INTRO TO ED W/PRACTICUM"	30	NA
"INTRO TO EDUCATION"	26.6666666666667	NA
"INTRO TO ELECTRICITY"	19.4285714285714	NA
"INTRO TO ELECTY/ELECTRNC"	25	NA
"INTRO TO ENOLOGY"	25.3333333333333	NA
"INTRO TO ENTREPRENEURSHP"	35	NA
"INTRO TO FICTION"	35	25
"INTRO TO FILM"	18.0833333333333	25
"INTRO TO FINANCIAL CRIME"	NA	12.5
"INTRO TO GEN CHEMISTRY"	34.1666666666667	NA
"INTRO TO GEOGRAPHY"	21.55	25
"INTRO TO GIS"	24	NA
"INTRO TO HEALTHCARE"	8.33333333333333	NA
"INTRO TO HEAVY DUTY"	22.5	NA
"INTRO TO HOME INSP PROF"	25	NA
"INTRO TO HOSPITALITY"	30	NA
"INTRO TO HUMAN SERVICES"	32.2222222222222	NA
"INTRO TO IMAGING"	8.33333333333333	NA
"INTRO TO INFO RES FOR SS"	NA	19.4
"INTRO TO INT'L BUSINESS"	25	NA
"INTRO TO INT'L TRADE BUS"	35	NA
"INTRO TO JAVASCRIPT"	29.5555555555556	NA
"INTRO TO JAZZ DANCE"	20	NA
"INTRO TO JAZZ DANCE I"	0	NA
"INTRO TO JAZZ DANCE II"	0	NA
"INTRO TO JAZZ DANCE III"	0	NA
"INTRO TO LAB & CLIN SAFT"	18.75	NA
"INTRO TO LAB CLINIC SAFE"	0	NA
"INTRO TO LAB SAFETY"	8.33333333333333	NA
"INTRO TO LANDSCAPE CONST"	25	NA
"INTRO TO LITERATUE"	35	NA
"INTRO TO LITERATURE"	28	25
"INTRO TO LOGIC"	27.6	25
"INTRO TO MARKETING"	25.75	NA
"INTRO TO MATERIALS SCI"	32	NA
"INTRO TO MED INS CODING"	8.33333333333333	NA
"INTRO TO MED VOCABULARY"	NA	16.9047619047619
"INTRO TO MEDIA IMAGES"	32	NA
"INTRO TO MEDICAL TRANSCR"	6.66666666666667	NA
"INTRO TO MICRO COMP APPL"	20.1666666666667	0
"INTRO TO MICROCOMP APPLI"	23.3846153846154	NA
"INTRO TO MICROCOMP APPS"	19.3333333333333	NA
"INTRO TO MICROCOMPUTER"	NA	0
"INTRO TO MOBIL DEVELOPMT"	30	NA
"INTRO TO NANOTECHNOLOGY"	22	NA
"INTRO TO OCEANOGRAPHY"	24	25
"INTRO TO ORG & BIO CHEM"	29.6666666666667	NA
"INTRO TO ORG & BIOCHEM"	32	NA
"INTRO TO ORGANIC CHEM"	25.9090909090909	NA
"INTRO TO ORGANIC/BIOCHEM"	32	NA
"INTRO TO PATIENT CARE"	34	NA
"INTRO TO PATIENT HISTORY"	12.5	NA
"INTRO TO PATTERN GRADING"	20	NA
"INTRO TO PERMACULTURE"	30	NA
"INTRO TO PHILOSOPHY"	35.3333333333333	25
"INTRO TO PHLEBOTOMY I"	0	NA
"INTRO TO PHLEBOTOMY II"	0	NA
"INTRO TO POETRY"	35	25
"INTRO TO PRINT PRODUCT"	25	NA
"INTRO TO PRINTMAKING"	7.5	NA
"INTRO TO PRINTMAKING-INT"	0	NA
"INTRO TO PRNTMAKING -INT"	0	NA
"INTRO TO PROF COOKING PR"	30	NA
"INTRO TO PROF WOODWORK"	17	NA
"INTRO TO PROF WOODWORKIN"	16.3333333333333	NA
"INTRO TO PROGRAMMING"	28	NA
"INTRO TO RESP CARE"	29	NA
"INTRO TO ROBOTICS"	25	NA
"INTRO TO SCI RESEARCH"	15	NA
"INTRO TO SCIENTIFIC RSCH"	27	NA
"INTRO TO SOCIOLOGY"	34.4150943396226	25.3571428571429
"INTRO TO SUSTAINABILITY"	34	NA
"INTRO TO TECHNOLOGY"	27.5	NA
"INTRO TO THEATER"	NA	29.75
"INTRO TO THEATRE"	NA	30
"INTRO TO TRANS AND LOGIS"	25	NA
"Intro to Viticulture"	28	NA
"INTRO TO VITICULTURE"	28	NA
"INTRO TO WASHINGTON WINE"	28	NA
"INTRO TO WATCH TECHNOLOG"	12	NA
"INTRO TO WEST RELIGIONS"	35	NA
"INTRO TO WINE SCIENCE"	24	NA
"INTRO TO WOMEN STUDIES"	9	NA
"INTRO TO WORLD MUSIC"	35	25
"INTRO UNDERGRAD RESEARCH"	30	NA
"Intro Wines of the World"	28	NA
"INTRO WINES OF THE WORLD"	28	NA
"INTRO. TO DEAF STUDIES"	35	NA
"INTRO.WELDING(OXY/SMAW)"	23.75	NA
"INTRO/IRRIGATION SYSTEMS"	20	NA
"INTRO/NUMERICAL METHODS"	32	NA
"INTRO: ANIMAL BEHAVIOR"	24	NA
"INTRO:COMPARATIVE ANIMAL"	24	NA
"INTRODUCTION TO ACTING"	30	NA
"INTRODUCTION TO BUSINESS"	25	30
"INTRODUCTION TO CAD 2-D"	19.1666666666667	NA
"INTRODUCTION TO COMM"	27.7586206896552	25
"INTRODUCTION TO ENOLOGY"	28	NA
"INTRODUCTION TO FILM"	21.4285714285714	25
"INTRODUCTION TO GEOGRAPH"	35.5	NA
"INTRODUCTION TO LAW"	35	25
"INTRODUCTION TO ROBOTS"	NA	24.6666666666667
"INTRODUCTION TO THEATRE"	NA	25
"INTRODUCTION TO TITLE"	12.5	NA
"INTRODUCTION TO WINE"	27.8333333333333	NA
"INTTERMEDIATE ALGEBRA"	32	NA
"IRONWORKERS 4TH YEAR"	15	NA
"IS-ACTING"	72	NA
"IS-AMERICAN POPULAR MUSC"	52	NA
"IS-ART HISTORY"	35	NA
"IS-BIOLOGICAL ANTHROPOLO"	35	NA
"IS-COMPOSITION I"	72	NA
"IS-COMPOSITION II"	54.6666666666667	NA
"IS-COMTEMP ISSUES IN ANT"	48	NA
"IS-CRIT ISSUES 21ST CENT"	72	NA
"IS-CULTURAL ANTHROPOLOGY"	29.0769230769231	NA
"IS-CULTURAL ECOLOGY"	35	NA
"IS-ENGLISH COMPOSITION"	52	NA
"IS-ENVIRON ISSUES/PROB I"	32	25
"IS-ENVIRONMENTAL ANTHRO"	35	NA
"IS-ENVIRONMNTL ISSUES/PR"	32	25
"IS-FRENCH I"	72	NA
"IS-HIST/OF ASIA ART"	48	NA
"IS-HISTORY OF JAZZ"	52	NA
"IS-INDIV PJCTS THEATRE"	72	NA
"IS-INDPN STDY IN FRENCH"	72	NA
"IS-INTERCULTURAL COMMUNI"	61.3333333333333	NA
"IS-INTERN RELATIONS"	35	NA
"IS-INTRO TO ACTING"	72	NA
"IS-INTRO TO ETHICS"	12.5	NA
"IS-INTRO TO PHILOSOPHY"	35	NA
"IS-LIT OF AMERIC CULTURE"	72	NA
"IS-LITERATURE & SOCIETY"	52	NA
"IS-MULTICULTURAL EXP USA"	72	NA
"IS-NON WESTERN ART"	35	NA
"IS-R/W AUTOBIOGRAPHY"	72	NA
"IS-RACENIC RLTNS US"	40	NA
"IS-READING THE MEDIA"	72	NA
"IS-S/INTERCULTURAL COMM"	35	NA
"IS-SOCLGY OF THE MEDIA"	72	NA
"IS-SPEC TOPICS IN ENGL"	72	NA
"IS-SUR MDRN ART"	35	NA
"IS-SURVEY OF MODERN ART"	48	NA
"IS-SVC LRNG & LEADERSHIP"	69	NA
"IS-WORLD LITERATURE III"	72	NA
"IS - WOMEN, RACE & CLASS"	72	NA
"IS ART HISTORY"	35	NA
"IS/AMERICAN POPULAR MUSC"	35	NA
"IS/S-INTERCULTURAL COMM"	12.5	25
"IS/S-INTERCULTURAL COMMU"	12.5	NA
"IS/S-LATIN AMERICAN LIT"	30	NA
"IS/S INTERCULTURAL COMM"	34.7916666666667	NA
"IS/S INTIMATE RELATIONSH"	72	NA
"IS/S MODERN ART"	35	NA
"ISSUES & TRENDS IN ECE"	28	NA
"IT CERT TEST PREP II"	20	NA
"IT ESSENTIALS A+ CRT ADV"	27	NA
"IT ESSENTIALS I A+ CERT"	25.6	NA
"IT ESSENTIALS II NET OS"	27	NA
"IT FOR ABE STUDENTS"	0	NA
"IT FOR ABE STUDENTS 2"	20	NA
"IT FOR ESL"	0	NA
"IT FOR ESL STUDENTS"	0	NA
"IT ILLUSTRATOR"	24	NA
"IT PROGRAMMING"	24	NA
"ITALIAN I"	32.5	NA
"ITALIAN II"	30	NA
"ITALIAN III"	30	NA
"ITS THE LAW: CONTRACTS"	20	NA
"JAPANESE CIVILIZATION"	NA	25
"JAPANESE I"	30.8823529411765	NA
"JAPANESE II"	31.1538461538462	NA
"JAPANESE III"	30	NA
"JAZZ ENSEMBLE I"	0	NA
"JAZZ ENSEMBLE II"	0	NA
"JAZZ ENSEMBLE III"	0	NA
"JEWELRY DESIGN"	18	NA
"JEWELRY DESIGN I"	18	NA
"JEWELRY DESIGN II"	18	NA
"JOB CEMENT 2ND YR"	20	NA
"JOB CEMENT 3RD YR"	20	NA
"JOB SHADOW"	15	NA
"JOB SKILLS/NAT EXAM PREP"	28	NA
"JOGGING"	25	NA
"KEYBOARDING"	14.2333333333333	0
"KEYBOARDING/SKILLBUILD"	8.95	NA
"KEYBOARDING/SKILLBUILDNG"	NA	0
"LAB B"	19	NA
"LAB EQUIPMENT/MEASUREMEN"	8.33333333333333	NA
"LAND USE PRINC & PRAC"	30	NA
"LANDSCAPE DESIGN BASICS"	25	NA
"LANDSCAPE DESIGN I"	25	NA
"LANDSCAPE DESIGN III"	20	NA
"LANDSCAPE DESIGN IV"	24	NA
"LANDSCAPE DESIGN V"	20	NA
"LANDSCAPE MANAGEMENT"	25	NA
"LANSCAPE DESIGN II"	25	NA
"LAW & ETHICS IN CHEM DEP"	30	NA
"LAW & SOCIETY"	35	25
"LAW AND SOCIETY"	35	25
"LDRSHP, THRY, AND PRAC."	20	NA
"LEADERSHIP & MANAGEMENT"	18	NA
"LEADERSHIP & SUPERVISION"	24	NA
"LEADERSHIP EXPERIENCE"	20	NA
"LEADERSHIP MNGMT SKILLS"	NA	25
"LEADERSHIP PRACTICE/APP"	20	NA
"LEADERSHIP THEORY & SKIL"	30	NA
"LEADERSHIP THEORY SKILLS"	30	NA
"LEARNING STORIES"	24	NA
"LEARNING STRATEGY MATH"	30.7777777777778	NA
"LEAVING NORMAL"	72	NA
"LEGAL CONCEPTS"	8.33333333333333	8.33333333333333
"LEGAL ISSUES/HOSPITALITY"	30	NA
"LEVEL I COMMERCIAL ENERG"	16.5	NA
"LFIESPAN PSYCHOLOGY"	35	NA
"LICENSE SEMINAR"	18	NA
"LIFE & WORK SKILLS-ESL 3"	35	NA
"LIFE & WORK SKILLS-ESL 4"	35	NA
"LIFE & WORK SKILLS-ESL 5"	35	NA
"LIFE SKILL WORK-NEWHOLLY"	89.1666666666667	NA
"LIFE SKILL WORK KC-JAIL"	89.1666666666667	NA
"LIFESPAN PSYCHOLOGY"	29.9152542372881	25
"LIFT TRUCK OPERATOR"	16.6666666666667	NA
"LIGHTING SCIENCE & DESIG"	20	NA
"LIGHTING TECHNIQUES I"	32	NA
"LIGHTING TECHNIQUES II"	30	NA
"LINEAR ALGEBRA"	32.6	NA
"LINEAR SYSTEMS OF DIFFER"	32	NA
"LISTEN/LEC NOTE TAKING"	20	NA
"LISTEN/SPEAK/PRONUNCIA 4"	0	NA
"LISTENING LECTURE NOTES"	20	NA
"LIT BY WOMEN: GLOBAL PER"	35	NA
"LIT DEV FOR CHILD/FAMILY"	25	NA
"LIT MASTERPIECE OF U.S."	35	NA
"LIT OF AMERICAN CULTURE"	21	25
"LIT OF AMERICAN CULTURES"	23.3333333333333	NA
"LIT OF US CULTURES"	35	NA
"LIT. OF AMERICAN CULTURE"	0	NA
"LIT. STUDIES: SCI. FICTI"	35	NA
"LITERATURE & SOCIETY"	17.5	NA
"LITERATURE AND SOCIETY"	0	NA
"LITERATURE BY WOMEN"	17.5	NA
"LNDSCP CONSTRC PRJ SPRNG"	20	NA
"LNDSCP CONSTRUC PRJ FALL"	20	NA
"LNDSCP CONTRACTS & SPECS"	20	NA
"lNTERNSHIP"	15	NA
"LOCAL AREA NETWORKS I"	23.75	23.3333333333333
"Local Area Networks III"	24	NA
"LOCATION TECHNIQUES"	30	NA
"LODGING OPERATIONS"	30	NA
"LPN I - FUNDAMENTALS OF"	34	NA
"LPN I NURSING LAB"	34	NA
"LPN II MED SURG NURSING"	33	NA
"LPN II MED/SURG NURSING"	40	NA
"LPN II NURSING LAB A"	18.5	NA
"LPN II NURSING LAB B"	18	NA
"LPN III- LAB A"	20	NA
"LPN III- LAB B"	20	NA
"LPN III - MED/SURG II"	40	NA
"LPN III MEDICAL SURG II"	21.3333333333333	NA
"LPN IV - MENTORSHIP"	32	NA
"LPN IV - NURSING LAB A"	16	NA
"LPN IV - NURSING LAB B"	16	NA
"LPN IV PEDS/OB NURSING"	32	NA
"LPN PRACTICUM"	2	NA
"MACRO ECONOMICS"	30.75	22.6923076923077
"MAINT & REPAIR WELD TECH"	15.8333333333333	NA
"MAINTENANCE EST/BIDDING"	25	NA
"MAJORS ANIMAL"	27.125	NA
"MAJORS CELLULAR"	30.4444444444444	25
"MAJORS PLANT"	26.75	NA
"MALE REPRODUCTIVE/GERONT"	8.33333333333333	8.33333333333333
"MAN TRANSMISSIONS, TRANS"	20	NA
"MANUAL TRANSAXLES CLUTCH"	20	NA
"MANUFACTURING PROCESSES"	22.5	NA
"MARINE BIOLOGY"	24	NA
"MARINE BOILERS"	18	NA
"MARINE CARPENTRY"	16.4444444444444	NA
"MARINE ELECTR 3RD"	15	NA
"MARINE ELECTRIC. 1ST YR"	20	NA
"MARINE ELECTRIC. 2ND YR"	20	NA
"MARINE ENGIN. PRACTICUM"	18.5	NA
"MARINE HYDRAULICS"	18	NA
"MARINE MATH"	18	NA
"MARINE METEOROLOGY"	18	NA
"MARINE REFRIGERATION"	18	NA
"MARINE SAFETY"	18.25	NA
"MARLINSPIKE"	18	NA
"MARSH ECOLOGY"	24	NA
"MARSH ECOLOGY-NW FIELD"	22	NA
"MARSH ECOLOGY FIELD DAY"	22	NA
"MASS MARKET PRODUCT TECH"	20	NA
"MAT & METHOD OF CONSTRCT"	24	NA
"MATERIAL HANDLING"	16.4285714285714	NA
"MATERIALS AND PROCESSES"	25	NA
"MATERIALS AND TESTING"	20	NA
"MATH & SCIENCE METHO"	30	NA
"MATH APP FOR CIRCUIT ANY"	30.25	NA
"MATH ELEMENTARY ED 1"	NA	25
"MATH ELEMENTARY ED 2"	NA	25
"MATH FOR ELEM ED 1"	1	32.75
"MATH FOR ELEM ED 2"	32	28.75
"MATH FOR ESL"	31.4285714285714	NA
"MATH FOR HEALTH CAREERS"	30	NA
"MATH IN SOCIETY"	33.0909090909091	25
"MATH INDEPENDENT STUDY"	30.3636363636364	NA
"MATH LEARNING CENTER"	28.5	NA
"MATH SAT PREP"	25	NA
"MATH STUDY STRATEGIES"	20	NA
"MATH/ELEM SCHOOL TEACHER"	32	NA
"MATH/SCI METHODS YOUNG"	30	NA
"MATHEMATICAL MODULES"	NA	19
"MATHEMATICS AND DESIGN"	25	NA
"MATHEMATICS WORKSHOP"	20	NA
"MEASUREMENTS & MEANINGS"	31.8181818181818	NA
"MEATCUTTERS-2ND YEAR"	13.3333333333333	NA
"MEATCUTTERS-FIRST AID"	10	NA
"MEATCUTTERS 1ST YEAR"	19.1666666666667	NA
"MEATS 2"	35	NA
"MECHANICAL SYSTEMS"	15	NA
"MECHANICS OF MATERIALS"	27.4285714285714	NA
"MED ASSISTING EXTERNSHIP"	NA	10
"MED INSURANCE BILLING"	6.66666666666667	NA
"MED INSURANCE CODING 1"	6.66666666666667	NA
"MED OFFICE for HEET Prg."	30	NA
"MED OFFICE PROC AND DOC"	27.5	NA
"MED RECORDS & CORRESPOND"	6.66666666666667	NA
"MED TERM INS BILL CODING"	23.5714285714286	NA
"MED/SURG-CHLD/ADULT II"	33	NA
"MEDIA COMM AND CRITICISM"	20	NA
"MEDIA LAW & ETHICS"	30	NA
"MEDIA MGMNT OPERATIONS"	35	NA
"MEDIA PROJECT MNGT PRACT"	20	NA
"MEDIA PROJECT PRACTICUM"	20	NA
"MEDIA RELATIONS/ETHICS"	0	NA
"MEDIA RESEARCH MKTG SALE"	0	NA
"MEDIA RESEARCH, MKTG SAL"	0	NA
"MEDICAL ANTHROPOLOGY"	35	NA
"MEDICAL CODING AND INSUR"	25	NA
"MEDICAL OFFICE MANAGEMEN"	8.33333333333333	NA
"MEDICAL TERM I"	25	NA
"MEDICAL TERMINOLOGY"	31.2857142857143	25
"MEDICAL TERMINOLOGY HEET"	30	NA
"MEDICAL TERMINOLOGY II"	24	NA
"MEDICAL TERMINOLOGY III"	24	NA
"MEDICAL/SURGICAL NURSING"	35	NA
"MEDICATION CALC & ADMIN"	6.66666666666667	NA
"MENTAL HEALTH-TRAINING"	20	NA
"MENTAL HEALTH TRAINING"	20	NA
"METAL STRAIGHTENING"	12.5	NA
"METEOROLOGY"	35.5	NA
"MGT SKILLS IN HUMAN SRVS"	30	NA
"MICRO ECONOMICS"	36.3333333333333	25.8333333333333
"MICRO NANOFABRICATION"	6	NA
"MICROBIOLOGY"	27.9538461538462	25
"MICROPROCESSOR FUNDTL I"	24	NA
"MICROPROCESSOR FUNDTL II"	27	NA
"MIMA MOUNDS"	18	NA
"MINOR SURGERY"	6.66666666666667	NA
"MINORITY POLITICS IN USA"	35	NA
"MKTG ED ETHICS SUST DEV"	25	NA
"MOD FUNDAMENTALS OF CARE"	20	NA
"MODULAR MATH LAB"	25	NA
"MOVEABLE GLASS/HARDWARE"	25	NA
"MS ACCESS"	NA	0
"MS ACCESS HYBRID"	25	NA
"MS EXCEL"	24.2857142857143	NA
"MS EXCEL FOR CULINARY"	27.5	NA
"MS EXCEL FOR WINDOWS"	27.5	NA
"MS OUTLOOK INTRODUCTION"	24.5	NA
"MS OUTLOOK: AN INTRO"	28	NA
"MS WORD"	24.5	NA
"MS WORD FOR WINDOWS"	24.5	NA
"MS WORD INTERNATIONAL"	25	NA
"MSWORD"	25	NA
"MT. RAINIER VOLCANO"	24	NA
"MULTI-CUL ISSUES/WRKPLAC"	35	NA
"MULTI-MEDIA I"	25	NA
"MULTICULTUR & ART EXPRSN"	30	NA
"MULTICULTURAL ARTISTIC"	30	NA
"MULTICULTURAL COMM"	17.6	NA
"MULTICULTURAL COUNSELING"	30	NA
"MULTICULTURAL DIALOGUES"	24	NA
"MULTIMED II"	25	NA
"MULTIMEDIA III"	25	NA
"MULTIMEDIA IV"	25	NA
"MULTIMEDIA V"	25	NA
"MUSIC & CREATIVE EXPRSN"	25	NA
"MUSIC APPRECIATION"	35	NA
"MUSIC IN THE U.S."	35	25
"MUSIC IN THE US"	35	NA
"MUSIC IN WESTERN WORLD"	35	NA
"MUSIC THEORY I"	25	NA
"MUSIC THEORY II"	25	NA
"MUSIC THEORY III"	25	NA
"MUTI-FAMILY PROP MNGMT"	25	NA
"NA-C BASIC HEALTH-IBEST"	11	NA
"NA-C BASIC HEALTH CARE"	19.8	NA
"NA-C BASIC HEALTHCARE"	20	NA
"NA-C HEALTH CARE IBEST"	10	NA
"NA-C IBEST"	10	NA
"NA-C SUPPORT"	25	NA
"NAC BASIC HEALTH CARE"	20.3333333333333	NA
"NAC I-BEST"	0	NA
"NANO/MICRO CHARACTERIZAT"	24	NA
"NATIONAL USPAP COURSE"	25	NA
"NATIVE PLANTS FOR NW LND"	25	NA
"NATURAL DISASTERS"	32	NA
"NAUTICAL RULES OF ROAD"	18	NA
"NAVAL ARCHITECTURE"	18	NA
"NAVIGATION PRACTICUM"	18.5	NA
"NET ESSENTIALS-COMPTIA +"	14	NA
"NET OPERATING SYSTEMS 3"	30	NA
"NETWORK COMMUNICATION-TC"	30	NA
"NETWORK COMMUNICATIONS I"	30	NA
"NETWORK MANAGE. CISCO 2"	24	NA
"NETWORK MANAGE. CISCO 3"	24	NA
"NETWORK MGMT-UNIX SHELL"	28	NA
"NETWORK MGMT - CISCO I"	24	NA
"NETWORK MGMT - CISCO II"	24	NA
"NETWORK MGMT - CISCO III"	24	NA
"NETWORK MGT CISCO I"	24	NA
"NETWORK OP SYSTEMS- PT 3"	NA	0
"NETWORK OP SYSTEMS-PT 1"	NA	15
"NETWORK OP SYSTEMS - PT4"	NA	0
"NETWORK OPER SYSTEMS"	30	NA
"NETWORK OPERATING SYST 1"	30	NA
"NETWORK OPERATING SYST 2"	30	NA
"NETWORK OS 1 WINDOWS CLI"	NA	25
"NETWORK OS 3 WINDOWS NET"	NA	5
"NETWORK OS 4 WINDOWS ACT"	NA	25
"NETWORK SECURITY 1"	24	NA
"NEW MEDIA"	78.8888888888889	NA
"NEW MEDIA WORKSHOP LAB"	28	NA
"NEWS/PUBLIC INFO PRACTIC"	2	NA
"NON-BLOOD SPECIMEN COLL"	6.66666666666667	NA
"NON-LINEAR EDITING"	25	NA
"NOT-FOR-PROF PRACTICE"	NA	25
"NOT FOR PROFIT FIN MNGMT"	NA	21.4285714285714
"NOVELS OF WESTERN LIT"	30	NA
"NRIEN/INT"	25	NA
"NRSE DELEG NAC-DIABETES"	20	NA
"NUR I: FUND OF NURSING"	62	NA
"NUR II:MED-SURG NURSING"	56	NA
"NUR III:MED-SURG NURSING"	50	NA
"NUR IVA: PSY/SOC NUR II"	50	NA
"NURS ASSIST ESL"	28	NA
"NURSERY OPERATIONS"	25	NA
"NURSING ASSIST-CERTIFIED"	0	NA
"NURSING ASSISTANT"	12	NA
"NURSING ASSISTANT-CERT"	0	NA
"NURSING ASST - CERTIFIED"	18	NA
"NURSING EXPERIENCE II"	34	NA
"NURSING EXPERIENCE III"	9	NA
"NURSING FUNDAMENTALS"	34	NA
"NURSING FUNDAMENTALS LAB"	34	NA
"NURSING IV: MED/SURG"	50	NA
"NURSING LAB I"	9	NA
"NURSING PRACTICE I"	10	NA
"NURSING PRACTICE II"	10	NA
"NURSING PRACTICE III"	8	NA
"NURSING PRACTICE IV-A"	9.5	NA
"NURSING PRACTICE IV-B"	9.5	NA
"NURSING PRACTICE V"	9	NA
"NURSING PRACTICE VI"	8	NA
"NURSING PRACTICE VIII"	9	NA
"NURSING ROLE LEADERSHIP"	32	NA
"NURSING STUDY GROUP I"	62	NA
"NURSING STUDY GROUP IV"	35	NA
"NURSING VI - FAM NURSING"	45	NA
"NURSING VIII:MED/SURG"	50	NA
"NUTRITION"	NA	40
"NUTRITION & DEV BASICS"	8.33333333333333	8.33333333333333
"NUTRITION, FOOD SERVICE"	40	NA
"NW CONST LINE 1ST YR"	22.5	NA
"NW CONST LINE 2ND YR"	22.8333333333333	NA
"NW CONST LINE 3RD YR"	25.8333333333333	NA
"NW LINEMEN EUGENE 1ST YR"	20	NA
"NW LINEMEN EUGENE 2ND YR"	20	NA
"NW LINEMEN EUGENE 3RD YR"	20	NA
"NW LINEMEN OSHA"	30	NA
"NW LINEMEN PORTLAND 1ST"	24.3333333333333	NA
"NW LINEMEN PORTLAND 2ND"	20	NA
"NW LINEMEN PORTLAND 3ND"	20.6	NA
"NW LINEMEN PORTLAND 3RD"	20	NA
"OB GYN PEDIATRIC THEORY"	0	NA
"OB/GYN/PEDIATRIC THEORY"	25	NA
"OCULAR ANATOMY & PHYS"	25	NA
"OFFICE EMERGENCIES"	6.66666666666667	NA
"ONLINE COMMUNICATION"	0	25
"OPERATING SYSTEMS"	27.8571428571429	NA
"OPERATING SYSTEMS II"	25	NA
"OPERATING SYSTEMS III"	25	NA
"OPERATIONS"	35	NA
"OPH DISPENSING BUS I"	11	NA
"OPH DISPENSING BUS. II"	11	NA
"OPHTHALMIC BUSINESS III"	10	NA
"OPHTHALMIC DISPENSING I"	14	NA
"OPHTHALMIC DISPENSING II"	12	NA
"OPTIC LAB TECHNOLOGY I"	14	NA
"OPTICAL LAB TECH I"	5	NA
"OPTICAL LAB TECH II"	13	NA
"OPTICAL LAB TECH III"	12	NA
"OPTICAL THEORY I"	30	NA
"OPTICAL THEORY II"	25	NA
"ORAL BIOLOGY"	NA	22
"ORAL COMMUNICATION/BUSIN"	25	NA
"ORAL PATHOLOGY"	NA	20
"ORGANIC CHEM I"	34.875	NA
"ORGANIC CHEM II"	33.75	NA
"ORGANIC CHEM III"	27	NA
"ORGANIC CHEM LAB I"	24.375	NA
"ORGANIC CHEM LAB II"	24.4285714285714	NA
"ORGANIC CHEMISTRY I"	35	NA
"ORGANIC CHEMISTRY II"	35.8	NA
"ORGANIC CHEMISTRY III"	33	NA
"ORGANIC CHEMISTRY LAB II"	24	NA
"ORGANIZATIONAL BEHAVIOR"	NA	25
"ORGANIZATIONAL COMM"	0	NA
"ORIEN/INT"	25.4933333333333	NA
"ORIEN/OPHTH OPTICS"	15	NA
"ORIENT'N TO PHARM. PRAC."	28.5	NA
"ORIENTATION TO COLLEGE"	21.6666666666667	NA
"ORIENTATION/FOOD PRODCTN"	50	NA
"OUTLOOK FOR BUSINESS"	28	NA
"OVER-THE-COUNTER DRUGS"	28	NA
"OVERCOMING COMM ANXIETY"	6.875	NA
"PACIFIC ISLAND CULTURES"	35	NA
"PACIFIC NW HISTORY"	31.9166666666667	35
"PAIN CONTROL ANESTHESIA"	20	NA
"PAINTERLY PRINT:MONOTYPE"	0	NA
"PAINTERS 1ST & 2ND BRACK"	18.3333333333333	NA
"PAINTERS 1ST BRACKET"	20	NA
"PAINTERS 1ST BRAKET"	35	NA
"PAINTERS 2ND - 4TH BRACK"	20	NA
"PAINTERS 4TH - 6TH BRACK"	20	NA
"PAINTERS 5TH & 6TH BRACK"	20	NA
"PAINTERS COMMER & INDUST"	15	NA
"PAINTERS COMMERCIAL"	13.6666666666667	NA
"PAINTERS HISPANIC 1ST-6T"	18.3333333333333	NA
"PAINTERS INDUSTRIAL"	20	NA
"PAINTERS OLYMPIA"	20	NA
"PAINTERS STRIPERS"	10.5714285714286	NA
"PAINTING"	7.93103448275862	NA
"PANEL REPLACE/ALIGNMENT"	12.5	NA
"PANTRY LEAD"	35	NA
"PAREN ED CHILD STUDY"	18	NA
"PARENT ED 0-12 MONTHS"	18	NA
"PARENT ED CHILD STUDY"	20.5777777777778	NA
"PARENT ED.: 12-24 MONTHS"	19.5058823529412	NA
"PARENT ED.: 24-36 MONTHS"	18.7555555555556	NA
"PARENT ED.: 36-48 MONTHS"	18.7848101265823	NA
"PARENT ED.: 48-72 MONTHS"	18	NA
"PARENT ED.: CHILD STUDY"	22	NA
"PARENT ED.: SPECIAL PRG."	14.2857142857143	NA
"PARENT ED.: SPECIAL PROG"	18.8888888888889	NA
"PARENT ED: 0-12 MONTHS"	20	NA
"Parent Ed: 0-12 mos"	18	NA
"PARENT ED: 0-12 MOS"	18	NA
"PARENT ED: 12-24 MOS"	22	NA
"PARENT ED: 24-36 MOS"	20	NA
"PARENT ED: 6-12 MONTHS"	18	NA
"PARENT INVOLVEMENT"	24	NA
"PASTRY 1"	45	NA
"PASTRY 2"	45	NA
"PASTRY 3"	45	NA
"PASTRY 4"	45	NA
"PASTRY ADVANCED THEORY"	18	NA
"PASTRY BAKING ORIENTATIO"	10.3333333333333	NA
"PATHO FOR RESP CARE I"	26.5	NA
"PATHOLOGY 1"	8.33333333333333	NA
"PATHOLOGY 2"	8.33333333333333	NA
"PATHOLOGY 3"	8.33333333333333	NA
"PATHOLOGY 4"	8.33333333333333	NA
"PATHOLOGY 5"	8.33333333333333	NA
"PATHOPHYSIOLOGY II"	25	NA
"PATIENT HISTORY"	8.33333333333333	NA
"PATIENT PRIORITIZING INS"	8.33333333333333	8.33333333333333
"PATIENT SCHEDULING"	8.33333333333333	NA
"PATTERN DES RDY-TO-WEAR"	20	NA
"PATTERN DESIGN/ACTV SPOR"	20	NA
"PATTERN DEV THROUGH DRAP"	20	NA
"PC HARDWARE I"	21	NA
"PC HARDWARE II"	21	NA
"PC HARDWARE III"	24	NA
"PE ESL LITERACY"	0	NA
"PEACHTREE ACCOUNTING"	25	25
"PEER TUTORING"	17.1212121212121	NA
"PEER TUTORING: SCI/MATH"	26	NA
"PERENNIAL PLANT ID"	25	NA
"PERFORMANCE EXPERIENCE"	25	NA
"PERIODONTOLOGY I"	20	NA
"PERIODONTOLOGY II"	23	NA
"PERSONALITY & INDV DIFFE"	36	NA
"PERSONNEL PERFORMANCE MG"	24.5	NA
"PERSONNEL/HUMAN RESOURCE"	25	NA
"PERSPECTIVES ON COMM"	25	NA
"PHARM FOR RESP CARE I"	29	NA
"PHARMACOLOGY"	8.33333333333333	11.25
"PHARMACOLOGY FOR NURSING"	52	NA
"PHARMACOLOGY I"	28	NA
"PHARMACOLOGY II"	28	NA
"PHARMACOLOGY III"	25	NA
"PHARMACY CALCULATIONS"	28.5	NA
"PHARMACY ETHICS"	28	NA
"PHARMACY LAW"	28.5	NA
"PHARMACY RECORDS MGMNT"	28.5	NA
"PHARMACY TECH EXTERNSHIP"	28	NA
"PHARMACY TECHNOLOGY I"	28	NA
"PHARMACY TECHNOLOGY II"	28	NA
"PHILOSOPHY OF RELIGION"	26	NA
"PHILOSPHY OF SCIENCE"	35	NA
"PHLEB. ASSIST ESL"	28	NA
"PHLEBOTOMY"	6.66666666666667	NA
"PHLEBOTOMY 2"	6.66666666666667	NA
"PHLEBOTOMY THEORY"	18.75	NA
"PHOTOGRAPHY AS AN ART"	25	NA
"PHOTOJOURNALISM"	28	NA
"PHOTOSHOP"	27.5	NA
"PHOTOSHOP FOR THE WEB"	30	NA
"PHOTSHOP"	30	NA
"PHY 222 STUDY SKILLS"	10	NA
"PHY 223 STUDY SKILLS"	10	NA
"PHYS ED IN EARLY CHILDHO"	24	NA
"PHYSICAL ED IN ECE"	24	NA
"PHYSICAL FITNESS"	20.7954545454545	NA
"PHYSICAL FITTNESS"	25	NA
"PHYSICAL GEOLOGY"	27.1428571428571	25
"PHYSICAL/INTELLECTUAL DV"	25	NA
"PHYSICS 101 STUDY SKILLS"	15	NA
"PHYSICS 121 STUDY SKILLS"	5	NA
"PHYSICS 221 STUDY SKILLS"	10	NA
"PHYSICS 222 STUDY SKILLS"	5	NA
"PHYSICS 223 STUDY SKILLS"	15	NA
"PHYSICS NON-SCI MAJORS"	32	NA
"PHYSIO/PHARM CHEM DEPEND"	32.5	NA
"PHYSIO/PHARMACOLOGY"	32.5	NA
"PIPE(SMAW)GasTungstenArc"	23.3333333333333	NA
"PIPE(SMAW)Shielded Metal"	22	NA
"PLAN AGE APP ACT & ENVIR"	11.4285714285714	NA
"PLANT HEALTH CARE"	32	NA
"PLANT PROBLEM DIAGNOSTIC"	25	NA
"PLANT PROPAGATION"	25	NA
"PLANT PROPAGATION WRKSHP"	25	NA
"PLAYWRITING"	10	NA
"PLUMBING I"	21	NA
"PLUMBING II"	10	NA
"PLUMBING III"	22.5	NA
"POINTER, CLEANNER, CAULK"	30.25	NA
"POLITICAL ECONOMY"	35	NA
"POP VOCAL ENSEMBLE"	25	NA
"PORT. PREP, ART IN RESID"	20	NA
"PORTFOLIO & RESUME DEV."	20	NA
"PORTFOLIO I"	30	NA
"PORTFOLIO II"	30	NA
"PORTFOLIO III"	28	NA
"PORTFOLIO JOB SEARCH INT"	25.5	NA
"PORTFOLIO PREP"	25	NA
"PORTFOLIO WORKSHOP"	30	NA
"PORTRAIT PREP"	25	NA
"POTTERY/CERAMICS"	25	NA
"POWER POINT"	24	NA
"POWER TOOLS IN METAL FAB"	16.6666666666667	NA
"POWERPLANT SYS & COMPONT"	26	NA
"POWERPLANT THEORY & MAIN"	25	NA
"POWERPOINT"	25	NA
"POWERPOINT FOR BUSINESS"	28	NA
"PRACTICAL INCOME TAX II"	30	NA
"PRACTICAL INCOME TAX PRE"	25	NA
"PRACTICUM"	30	NA
"PRACTICUM IN MUSIC"	7.05882352941176	NA
"PRE ADS CONST & PATMAK 1"	20	NA
"PRE ADS CONST & PATMAK 2"	20	NA
"PRE ADS CONST & PATMAK I"	20	NA
"PRE ADS CONST & PATTN-2"	20	NA
"PRE ADS CONST & PATTN 3"	20	NA
"PRE ADS CONST PATTRN LV2"	20	NA
"PRE JOB BRICKLAYERS"	10	NA
"PRE JOB CEMENT"	21	NA
"PRECALCULUS I"	32.0232558139535	25
"PRECALCULUS II"	32.9166666666667	25
"PREP 4"	35	NA
"PREP EQUIP/PAINT/MATERIL"	11.75	NA
"PREP LEAD"	35	NA
"PREP SURFACE FOR REFINSH"	11.75	NA
"PREPARATORY MATHEMATICS"	9.7	NA
"PRESS BRAKE IN WELD FAB"	16.4285714285714	NA
"PREVENTIVE DENTISTRY"	20	NA
"PREVENTIVE MAINTENANCE"	25	NA
"PRIN ACCOUNTING I"	32.5	NA
"PRIN ACCOUONTING I"	35	NA
"PRIN ENV SUSTAINABILITY"	35	NA
"PRIN INTERVIEW & COUNSEL"	30	NA
"Prin of ACCOUNTING I"	31.6666666666667	NA
"PRIN OF ACCOUNTING I"	35.7446808510638	25.5
"PRIN OF ACCOUNTING II"	35.9210526315789	28.375
"PRIN OF ACCOUNTING III"	35.5172413793103	25.2666666666667
"PRIN OF ACCOUONTING I"	35	NA
"PRIN OF ACCOUTNING II"	55	NA
"PRIN OF ACCUNTING II"	35	NA
"PRIN OF INTERVIEW & COUN"	30	NA
"PRIN OF MARINE MECHANICS"	18	NA
"PRIN OF SUSTAINABILITY"	NA	25
"PRIN OF TELECOMM I"	24	NA
"PRIN/INTERVIEWING&COUNSE"	30	NA
"PRINC OF AGROECOLOGY"	24	NA
"PRINC OF IV THERAPY"	8.33333333333333	NA
"PRINCIPLES OF SANITATION"	31.3333333333333	NA
"PRINT PRODUCTION"	25	NA
"PRINT READ/WELD SYMBOLS"	30	NA
"PRINTMAKING II"	0	NA
"PRINTMAKING III"	0	NA
"PRO BUSINESS PRACTICES 2"	30	NA
"PRO TECHN MATH & TRIGO"	15	NA
"PRODUCTION & STAGE MGMT"	0	NA
"PRODUCTION AND STAGE MGT"	0	NA
"PRODUCTION CS4"	18	NA
"PRODUCTION DESIGN"	32	NA
"PRODUCTION MANAGEMENT"	30	NA
"PRODUCTION OPERATIONS"	20	NA
"PROF ALT & FITTING I"	20	NA
"PROF ALT & FITTING II"	20	NA
"PROF BUS PRACTICES I"	30	NA
"PROF CAREER DEVELOPMENT"	25	NA
"PROFESSIONAL CAREER DEV"	27	NA
"PROFESSIONAL DEVELOPMENT"	21.0526315789474	NA
"PROFESSIONAL ENTRY PREP"	30	NA
"PROFESSIONAL ISSUES"	20	NA
"PROFESSIONAL LAB SURVEY"	32	NA
"PROFESSIONALISM & ETHICA"	30	NA
"PROFESSIONALISM AND ETHI"	30	NA
"PROGRAM CONCEPTS/FUNDAMT"	30	NA
"PROGRAM DESIGN & DEVELOP"	30	NA
"PROGRAM PLANNING"	24	NA
"PROGRAMMING FUNDAMENTALS"	30	NA
"PROGRAMMING JAVASCRIPT"	24	NA
"PROJECT MANAGEMENT"	29.0909090909091	NA
"PROJECT MANAGEMENT II"	NA	25
"PROJECT MANAGEMENT TOOLS"	NA	25
"PROJECT MGMNT INTRO OVER"	NA	25
"PROPERTY MGT.-COMMERCIAL"	25	NA
"PROPS & SOUND"	0	NA
"PROPULSION SYSTEMS"	18	NA
"PRTNRSHIP W/DIVERSE FAMI"	15	NA
"PRUNING"	20	NA
"PS Electricians-1ST Year"	80	NA
"PS ELECTRICIANS-1ST YEAR"	25	NA
"PS ELECTRICIANS-2ND YEAR"	80	NA
"PS Electricians-3rd Year"	80	NA
"PS Electricians-4th Year"	80	NA
"PS Electricians-4TH Year"	80	NA
"PS ELECTRICIANS-4TH YEAR"	68.5714285714286	NA
"PS ELECTRICIANS-5TH YEAR"	80	NA
"PSE 2ND WIRE APPRENTICES"	10	NA
"PSE 2ND YR METER"	8.33333333333333	NA
"PSE 3RD WIRE APPRENTICES"	10	NA
"PSE 3RD YR METER"	10	NA
"PSE COM 1ST TO 5TH YR"	20	NA
"PSE COM 2ND, 4TH & 5TH"	20	NA
"PSE COM 3RD TO 5TH YR"	20	NA
"PSE SOUND COMMUN. 1ST YR"	40	NA
"PSE SOUND COMMUN. 2ND YR"	40	NA
"PSE SOUND COMMUN. 3RD YR"	40	NA
"PSY OF AFRICAN AMERICAN"	35	NA
"PSYCH OF HUMAN RELATIONS"	28.5714285714286	26.2
"PSYCHOLOGY OF ADJUSTMENT"	35	NA
"PSYCHOLOGY OF GENDER"	9	NA
"PSYCHOLOGY SEMINAR"	1.75	NA
"PSYCHOSOCIAL NUR I:COMM"	62	NA
"PSYCOLOGY OF ADJUSTMENT"	35	NA
"PUBLIC POLICY ANALYSIS"	30	NA
"PUBLIC SPEAKING"	23.2407407407407	25
"PULMONARY REHAB/HOMECARE"	20	NA
"PUNCHING AND SHEARING"	16.875	NA
"PURCHASING"	35	NA
"PURCHASING & INVENTORY"	37.5	NA
"PURCHASING/INVENTORY:TH"	42.5	NA
"Q-APPL MATH TO MGT LIFE"	32	NA
"Q-BUS & ECON STATISTICS"	35	NA
"Q-BUS ECON & STATISTICS"	35	NA
"Q-BUSINESS CALCULUS"	32	NA
"Q-CALC I: DIFFERENTIAL"	32	NA
"Q-CALC II: INTEGRAL"	32	NA
"Q-CALC III: MULTIVARIABL"	32	NA
"Q-CALCULUS II: INTEGRAL"	32	NA
"Q-CALCULUS III"	32	NA
"Q-CALCULUS III: MULTIVAR"	32	NA
"Q-College Algebra"	32	NA
"Q-COLLEGE ALGEBRA"	32	NA
"Q-DIFFERENTIAL EQUATIONS"	32	NA
"Q-ELEMENTARY STATISTICS"	31	NA
"Q-ENGINEERING PHYSICS I"	24	NA
"Q-ENGINEERING PHYSICS II"	20.4	NA
"Q-ENGINEERING PHYSICSIII"	24	NA
"Q-GENERAL CHEM W/LAB I"	18	NA
"Q-GENERAL CHEM W/LAB II"	20	NA
"Q-GENERAL CHEM W/LAB III"	24	NA
"Q-GENERAL CHEMISTRY PREP"	34.5	NA
"Q-GENERAL PHYSICS I"	24	NA
"Q-GENERAL PHYSICS II"	24	NA
"Q-GENERAL PHYSICS III"	24	NA
"Q-LINEAR ALGEBRA"	32	NA
"Q-MACRO ECONOMICS"	NA	25
"Q-MACROECONOMICS"	41.25	25
"Q-MATH BEHIND INFO TECH"	32	NA
"Q-MATH IN SOCIETY"	30	NA
"Q-MATH/ELEM SCHOOL TEACH"	32	NA
"Q-MICRO ECONOMICS"	NA	25
"Q-MICROCENOMICS"	NA	25
"Q-MICROECONOMICS"	41.25	25
"Q-ORG CHEMISTRY LAB I"	24	NA
"Q-ORGANIC CHEMISTRY I"	24	NA
"Q-PRE-CALCULUS II: TRIG"	32	NA
"Q-PRECALC I: FUNCTIONS"	32	NA
"q-PRECALC II: TRIG"	32	NA
"Q-PRECALCULUS II: TRIG"	31.952380952381	NA
"Q-STATISTICS"	32	25
"Q-VECTOR CALCULUS"	32	NA
"QUANTITATIVE PRINCIPLES"	30	25
"QUANTITY COOK: PRACTICUM"	25	NA
"QUANTITY COOKING: PRACTI"	25	NA
"QUARTER PANEL REPLACEMNT"	25	NA
"QUICKBOOKS"	25	25
"R.E. SALES & PRACTICE"	28	25
"RACE & ETHNIC RELATIONS"	35	NA
"RADIO & AUDIO PRACTICUM"	5	NA
"RADIO/AUDIO PRACTICUM"	1.66666666666667	NA
"RDG AND STUDY SKILLS II"	25	NA
"RDGS IN EARLY CHLDHD ED"	6	NA
"RE PRINC OF MAINT & REP"	25	NA
"READ AND NOTE TAKING STR"	20	NA
"READ,WRITE AUTOBIOGRAPHY"	16.6666666666667	NA
"READ/WRITE LEV.1"	28	NA
"READ/WRITE LEV.2"	27.75	NA
"READING THE MEDIA"	0	NA
"READING/TEXT BK NOTE STR"	20	NA
"READING/WRITING LEVEL 1"	35	NA
"READING/WRITING LEVEL 2"	35	NA
"READINGS IN ECE"	6	NA
"READY-TO-WEAR CONSTRUCT"	20	NA
"REAL ESTATE DEV AND SUST"	25	NA
"REAL ESTATE ECONOMICS"	26.6666666666667	NA
"REAL ESTATE ESCROW I"	25	NA
"REAL ESTATE FINANCE"	25	NA
"REAL ESTATE FINANCE RESI"	25	35
"REAL ESTATE FRAUD"	30	NA
"REAL ESTATE FUNDAMENTALS"	25	25
"REAL ESTATE LAW"	30	NA
"REAL ESTATE LOAN PROCESS"	25	NA
"REAL ESTATE TAXES"	25	NA
"RECORDS MANAGEMENT"	25	NA
"REHABILITATION"	6.66666666666667	NA
"REHEARSAL & PERFORMANCE"	6.66666666666667	NA
"REHEARSAL AND PERFORMANC"	6.66666666666667	NA
"RELAPSE PREVENTION"	31.6666666666667	NA
"RELATIONSHIP BETWEEN EC"	32.5	NA
"RESEARCH FOR 21ST CENTRY"	NA	6.625
"RESEARCH IN ELEC ENVIRON"	NA	25
"RESIDENTIAL ENERGY AUDIT"	20	NA
"RESIDENTIAL PROPERTY INV"	25	NA
"RESIDENTIAL SALES & LEAS"	25	NA
"RESIDENTIAL SALES COMPAR"	35	NA
"RESISTANCE TRAINING"	25	NA
"RESP CARE FUND'S VI"	25	NA
"RESP. CARE FUND'S I"	14.5	NA
"RESP. CARE FUND'S II"	14	NA
"RESP. CARE FUND'S III"	12	NA
"RESP. CARE FUND'S V"	13.5	NA
"RESP. CARE FUND I"	14.5	NA
"RESP.CARE INFANT/CHILD"	25	NA
"RESPIRATORY ORIENTATION"	29	NA
"RESTAURANT BAKING THEORY"	30	NA
"RESTAURANT BAKING: THEOR"	25	NA
"RESTAURANT BAKING:PRACTI"	23.3333333333333	NA
"RESTAURANT BAKING:THEORY"	23	NA
"RESTAURANT COOKING: PR"	23.75	NA
"RESTAURANT COOKING: PRAC"	25	NA
"RESTAURANT PRODUCTION"	24	NA
"RESTORATION ECO"	25	NA
"RESTORATIVE MATERIALS 4"	5	NA
"RESTORATIVE MATERIALS II"	20	NA
"RESTORATIVE MATERIALS IV"	20	NA
"RESTORATIVE MATERIALS V"	20	NA
"RESTORATIVE MATERIALS VI"	20	NA
"RESTORATIVE PR/MATERIALS"	20	NA
"RESTORE CORROSION PROTEC"	15	NA
"RETAIL PHOTOGRAPHY"	30	NA
"RN - HEALTH & WELLNESS"	1	NA
"RN I - NURSING EXP I"	32	NA
"RN I - NURSING LAB A"	16	NA
"RN I - NURSING LAB B"	16	NA
"RN I - NURSING THEORY I"	32	NA
"RN II - NURSING LAB"	32	NA
"RN II CRITICAL THINKING"	34	NA
"RN II HEALTH & WELLNESS"	34	NA
"RN II NURSING THEORY II"	34	NA
"RN III - MED/SURG"	34	NA
"RN III - PEDS/OB"	9	NA
"RN III NURSING EXPERIENC"	32	NA
"RN III SENIOR PRACTICUM"	34	NA
"RN NURSING EXPERIENCE II"	1	NA
"RN NURSING THEORY II"	2	NA
"RN PRACTICUM"	32	NA
"ROCK MUSIC-HIS. & PERSPE"	NA	25
"ROCK MUSIC-HISTORY"	NA	25
"ROCK MUSIC HIS. & PERSPE"	NA	25
"ROCK MUSIC I"	35	NA
"ROCK MUSIC II"	35	25
"ROLE OF THE LPN"	36	NA
"ROOF SYSTEM"	7.33333333333333	NA
"S-PSYCHOLOGY OF ADJUSTME"	35	NA
"S TOP BAKING 1"	30	NA
"S TOP Baking II"	20	NA
"S TOP FOOD SERVER IV"	20	NA
"S Top Food Server Lead"	20	NA
"S TOP G-MANGER 2"	35	NA
"S TOP GARDE MANGER"	20	NA
"S TOP GARDE MANGER II"	20	NA
"S TOP MEATS 2 SUPERVISON"	20	NA
"S TOP Pantry Lead"	20	NA
"S TOP PASTRY DESSERT 1"	12	NA
"S TOP PASTRY DESSERT 2"	12	NA
"S TOP Prep 4"	20	NA
"S Top Prep Lead"	20	NA
"S TOP SAUCE 2"	35	NA
"S TOP SAUTE 3"	20	NA
"S TOP SAUTE LEAD"	20	NA
"S.T.A.R.S. SEMINAR"	0	NA
"SAFETY/ENVIRON PRACTICES"	10	NA
"SALES AND MARKETING"	25	NA
"SALVAGE & RECONSTRUCTION"	17.1428571428571	NA
"SANITATION"	NA	40
"SAT PREP MATH"	26	NA
"SAUTE LEAD"	35	NA
"SCIENCE AND BAKING"	19.3333333333333	NA
"SCL 1ST YR CONST/CABLE"	11	NA
"SCL 1ST YR LINE WORKER"	14	NA
"SCL 1ST YR METER ELECTRI"	4	NA
"SCL 2ND YR LINE WORKER"	18	NA
"SCL 3RD YR ELECT CONSTRU"	16	NA
"SCL 3RD YR LINE WORKER"	14	NA
"SCL 3RD YR METER ELECTRI"	11	NA
"SCL 4TH YR ELECT CONSTRU"	1	NA
"SCL 4TH YR ELECT CONTRUC"	12.5	NA
"SCL BEAM CLASS"	70	NA
"SCL BLUE PRINT READING"	15	NA
"SCL CABLE/SPLICER 3RD YR"	10	NA
"SCL CABLE/SPLICER 4TH YR"	7.5	NA
"SCULPTURE"	17.5675675675676	NA
"SEAMANSHIP"	18	NA
"SEAMANSHIP PRACTICUM"	18	NA
"SEASHORE LIFE FIELD DAY"	22	NA
"SECOND YEAR PIANO I"	0	NA
"SELECTIVE POPULATIONS"	20	NA
"SENIOR CAPSTONE PROJECT"	30	NA
"SENIOR PRACTICUM"	9	NA
"SENSORY EVALUATION"	27.2	NA
"SEQUENTIAL ART: HISTORY"	35	NA
"SERVICE LEARNING/LEADERS"	1.6	NA
"SERVICE LRN: BUSINESS"	30	NA
"SERVICE LRN: HUMANITIES"	69	NA
"SERVICE LRN: MATH"	30	NA
"SERVICE LRN: SCIENCE"	30	NA
"SERVICE LRN:COMMUNICATIO"	30	NA
"SERVICE LRN:ENGLISH"	30	NA
"SERVICE LRN:HEALTH & HUM"	30	NA
"SERVICE LRN:HOS/CUL ARTS"	30	NA
"SERVICE LRN:HUMANITIES"	30	NA
"SERVICE LRN:INTERNATIONA"	30	NA
"SERVICE LRN:LAN & CUL"	30	NA
"SERVICE LRN:MATH"	30	NA
"SERVICE LRN:SCIENCE"	30	NA
"SERVICE LRN:SOCIAL SCIEN"	30	NA
"SERVICE OPERATIONS MNGMT"	30	NA
"SEX ROLES AND SOCIETY"	35	NA
"SHAKESPEARE 1"	30	NA
"SHIELD METAL ARC WELDING"	18.3333333333333	NA
"SHIPBOARD POLLUTION PREV"	18	NA
"SHOP PRACTICES"	20	NA
"SHORT ORDER LEAD"	35	NA
"SHS WKSHP:BUDGET & FINAN"	30	NA
"SHS WKSHP:JUVINILE JUSTI"	30	NA
"SIGNING WITH YOUNG CHILD"	25	NA
"SMALL BUS MANAGEMENT"	25	NA
"SMALL BUS. MANAGEMENT"	25	NA
"SMALL BUS/MGMT FOR HORT."	25	NA
"SMALL BUSINESS MGT"	25	25
"SMALL GROUP COMMUNICATN"	0	26.5
"SMALL GROUP PRODUCTIONS"	20	NA
"SMALL SCALE SCULPTURE"	18	NA
"SMALLGROUP COMMUNICATION"	25	NA
"SMART LOCATIONS INTEGRAT"	25	NA
"SMAW Shielded Metal Arc"	23.3333333333333	NA
"SNOPUD 2ND WIRE APPREN"	10	NA
"SNOPUD 2ND YR METER"	8.33333333333333	NA
"SNOPUD 3RD WIRE APPREN"	10	NA
"SNOPUD 3RD YR METER"	10	NA
"SOC OF ASIAN AMERICANS"	35	NA
"SOC OF BLACK AMERICANS"	35	NA
"SOCIAL PROBLEMS"	35	NA
"SOCIAL PSYCHOLOGY"	24.6	NA
"SOCIETIES & CULTURES:US"	35.5714285714286	NA
"SOCIOLOGY OF FAMILIES"	30	NA
"SOCIOLOGY OF THE MEDIA"	35	NA
"SOFTWARE APPLICATIONS"	26.5	NA
"SOFTWARE APPS FOR HEALTH"	25	NA
"SOILS"	41.6666666666667	NA
"SOLID STATE ELECTRONICSI"	25.5	NA
"SOPECIAL PROJECTS"	28	NA
"SP PROBLEMS IN HUMANITIE"	25	NA
"SP PROJECTS IN ANTHROPOL"	10	NA
"SP TOP SHORT ORD LED/SUP"	20	NA
"SP TOP: MATH STUDY SKILL"	32	NA
"SP TOP:MATH LRN STRATEGY"	32	NA
"SP TOP:WORLD AGRICULTURE"	24	NA
"SP. PROB. IN HUMANITIES"	10	NA
"SPACE AND SPACE TRAVEL"	24	NA
"SPACE GEOMETRY"	19.1666666666667	NA
"SPACIAL PROJECT-DRAFTING"	2	NA
"SPANISH I"	29.6031746031746	NA
"SPANISH II"	27.6888888888889	NA
"SPANISH III"	27.3703703703704	NA
"SPANISH IV"	30	NA
"SPANISH V"	30	NA
"SPANISH VI"	30	NA
"SPC TOP:ADV JAVASCRIPT"	24	NA
"SPC TOP:ANDROID DEV & MK"	24	NA
"SPC TOP:CISCO 4/VoIP"	24	NA
"SPC TOP:STATWAY SUPPORT"	32	NA
"SPC. STUDIES: SCI. FICTN"	35	NA
"SPE TOP: ANDROID"	24	NA
"SPEC PRBS:LIBRARY RES."	1.33333333333333	NA
"SPEC PROB:UGRAD RESEARCH"	1	NA
"SPEC TOP/CHEM RESEARCH"	3	NA
"SPEC TOP:"	24.3333333333333	NA
"SPEC TOP: ACTIONSCRIPT"	24	NA
"SPEC TOP: ENGR WEBSITE"	3	NA
"SPEC TOP: MODERN ALGEBRA"	10	NA
"SPEC TOP: PHY EXPERIMENT"	1	NA
"SPEC TOP: STUDY SKILLS"	32	NA
"SPEC TOP: UNDRGRAD RSRCH"	24	NA
"SPEC TOP: WK ON FILM SET"	20	NA
"SPEC TOP:DIGITAL TECHNOL"	20	NA
"SPEC TOP:HIV/AIDS-HIPAA"	30	NA
"SPEC TOP:INTMD TO ADV C#"	24	NA
"SPEC TOP:PHYSICS DEMOS"	1	NA
"SPEC TOP:SEM SAM SEMINAR"	24	NA
"SPEC TOP:SRCH ENGINE OPT"	30	NA
"SPEC TOP:STUDY SKILLS"	32	NA
"SPEC TOP:WORDPRESS"	24	NA
"SPEC TOPIC: ADV JAVASCRI"	30	NA
"SPEC TOPIC:ILLUSTRATOR"	24	NA
"SPEC TOPIC:WOMEN STUDIES"	1	NA
"SPEC TOPICS-CISC0 IV"	25	NA
"SPEC TOPICS-CMPTING TECH"	25	NA
"SPEC TOPICS SJI WELD"	35	NA
"SPEC TOPICS WELD FABRICA"	23	NA
"SPEC TOPICS: BUSINESS"	5	NA
"SPEC TOPICS: JOB SKILLS"	28	NA
"SPEC TOPICS:AUTOMOTIVE"	5	NA
"SPEC TOPICS:CMPTR TECH"	2	NA
"SPEC. TOPICS FOR PARENTS"	NA	18.5714285714286
"SPEC. TOPICS: PARENTING"	NA	18.6666666666667
"SPEC.PROJECTS:MOVEMENT"	0	NA
"SPECIAL PROB IN ART"	5	NA
"SPECIAL PROBLEMS"	1	NA
"SPECIAL PROBLEMS - ANTH"	10	NA
"SPECIAL PROBLEMS - HIST"	5	NA
"SPECIAL PROBLEMS - HUM"	5	NA
"SPECIAL PROBLEMS - PHIL"	5	NA
"SPECIAL PROBLEMS - PSYCH"	5	NA
"SPECIAL PROBLEMS - SOC"	5	NA
"SPECIAL PROBLEMS IN ART"	6.97260273972603	NA
"SPECIAL PROBLEMS IN HUM"	0	NA
"SPECIAL PROJ/BOATBUILDNG"	7.5	NA
"SPECIAL PROJECTS"	25	NA
"SPECIAL PROJECTS-REALEST"	3.8	NA
"SPECIAL PROJECTS FOR LAN"	5	NA
"SPECIAL PROJECTS/COM BAK"	6.66666666666667	NA
"SPECIAL PROJECTS:DRAMA"	0	NA
"SPECIAL STUDIES: DRAMA"	0	NA
"SPECIAL TOP:SHAREPOINT"	24	NA
"SPECIAL TOPIC:ACCOUNTING"	4.8	NA
"SPECIAL TOPIC:WORD PRESS"	24	NA
"SPECIAL TOPIC:WORDPRESS"	24	NA
"SPECIAL TOPICS"	18.52	NA
"SPECIAL TOPICS-ELEC.TECH"	9.16666666666667	NA
"SPECIAL TOPICS - ANTH"	7.5	NA
"SPECIAL TOPICS - ENGLISH"	5	NA
"SPECIAL TOPICS - HISTORY"	5	NA
"SPECIAL TOPICS - PHIL"	5	NA
"SPECIAL TOPICS - SOC"	10	NA
"SPECIAL TOPICS CUL ARTS"	20	NA
"SPECIAL TOPICS DFTNG"	23.3333333333333	NA
"SPECIAL TOPICS IN ENGL"	5	NA
"SPECIAL TOPICS IN MATH"	32	NA
"SPECIAL TOPICS PASTRY BA"	12	NA
"SPECIAL TOPICS/ANTHRO"	NA	0
"SPECIAL TOPICS/ECONOMICS"	0	0
"SPECIAL TOPICS/ENGLISH"	10	NA
"SPECIAL TOPICS/HISTORY"	2.2	NA
"SPECIAL TOPICS: BUS MATH"	30	NA
"SPECIAL TOPICS: BUSINESS"	19.6	NA
"SPECIAL TOPICS: COMMUN."	28	NA
"SPECIAL TOPICS: MATH"	30	NA
"SPECIAL TOPICS: PHYS LAB"	10	NA
"SPECIAL TOPICS: PHYSICS"	1	NA
"SPECIALTY LAB TESTS/CHEM"	6.66666666666667	NA
"SPEEDBUILDING"	4.16666666666667	0
"SPELLING & VOCABULARY"	25	NA
"SPREADSHEETS"	24.8333333333333	24.8
"SPRINKLER FITTERS 1ST YR"	20	NA
"SPRINKLER FITTERS 2ND YR"	6	NA
"SPRINKLER FITTERS 3RD YR"	20	NA
"SPRINKLER FITTERS 4TH YR"	19.7777777777778	NA
"SPRINKLER FITTERS 5TH YR"	20.5555555555556	NA
"SPRNG PLANT IDENTIFICATN"	25	NA
"SQL"	30	NA
"SQL WITH SERVER"	30	NA
"STABILITY"	18	NA
"STAFF RELATIONSHIPS"	25	NA
"STAGE LIGHTING"	0	NA
"STAGE SCENERY"	0	NA
"STAIR SYSTEM"	7.33333333333333	NA
"STANDARD PRECAUTIONS/FA"	14	NA
"STAR PARENTING"	NA	18
"STATICS"	29.1428571428571	NA
"STEERING & SUSPENSION"	18.6363636363636	NA
"STEERING,SUSPENSION,BRAK"	20	NA
"STEP & SCULPT"	20	NA
"STEP AND SCULPT"	20	NA
"STERILE PROD./ASEP. TECH"	28	NA
"STERILE PRODS/ASE TECHII"	28	NA
"STILL & MOTION INDUSTRY"	25	NA
"STRAIGHTING STRUCRL PRTS"	15	NA
"STUDIES & WORKS IN COMM"	10	NA
"STUDIES AND WORKS IN COM"	7.5	NA
"STUDIES IN THE NOVEL"	25	NA
"STUDIES/WORKS COMMUNICAT"	5	NA
"STUDIO TECHNIQUES"	28	NA
"SUP MS APPLIC W/CERTIFIC"	25	NA
"SUP MS EXCEL W/CERTIFIC"	24	NA
"SUPPLY CHAIN MANAGEMENT"	25	NA
"SUPPORTING MS APPLICATIO"	25	NA
"SUPPORTING POWERPOINT"	24	NA
"SUPPORTING YOUNG CHILDRE"	25	NA
"SUPRV A DIVERSE WORKFRCE"	30	NA
"SUR OF HEARING IMPAIRMNT"	35	NA
"SUR OF HUMAN ANAT/PHYS"	22	NA
"SURGICAL LAB"	25	NA
"SURGICAL TECH II"	24	NA
"SURGICAL TECHNOLOGY I"	25	NA
"SURGICAL TECHNOLOGY III"	24	NA
"SURGICAL TECHNOLOGY LAB"	25	NA
"SURGICAL THEORY I"	24	NA
"SURGICAL THEORY II"	24	NA
"SURGICAL THEORY III"	24	NA
"SURVEY OF ANTHROPOLOGY"	35	25
"SURVEY OF ASTRNOMOY"	2	NA
"SURVEY OF ASTRONOMY"	30.6296296296296	25
"SURVEY OF BIOLOGY"	23.3846153846154	25.1666666666667
"SURVEY OF ECONOMICS"	44	16.6666666666667
"SURVEY OF HUMAN ANAT&PHY"	32	NA
"SURVEY OF HUMAN ANAT/PHY"	22.5	NA
"SURVEY OF INSTITUTIONS"	30	NA
"SURVEY OF INTERPRETING"	40	NA
"SURVEY OF OCEANOGRAPHY"	24	25
"SURVEY OF PHYSIOL. PSYCH"	36	NA
"SURVEY OF WELDING"	16.4285714285714	NA
"SURVEY PERIOPERATIVE ADM"	NA	25
"SURVEYING/CAD CIVIL"	15	NA
"SURVIVAL CRAFT"	18	NA
"SUST FD SYST EMPLOYMENT"	24	NA
"SUST URBAN FOOD PRODUCTI"	24	NA
"SUSTAINABILITY HEALTHCAR"	25	NA
"SUSTAINABILITY SEMINAR"	24	NA
"SUSTAINABLE BUSINESS"	NA	27.5
"SUSTAINABLE FOOD PART I"	50	NA
"SUSTAINABLE FOOD PART II"	35	NA
"SUSTAINABLE FOOD PRT III"	35	NA
"SUSTAINABLE FSP PART I"	50	NA
"SUSTAINABLE FSP PART II"	35	NA
"SUSTAINABLE FSP PART III"	32.5	NA
"SYMPHONIC BAND"	50	NA
"SYSTEMS ANALYSIS/DESIGN"	30	NA
"SYSTEMS IN BUILDINGS"	24	NA
"TAKING THE FIRST STEP"	30	NA
"TAX RESEARCH GIFTS ESTAT"	35	NA
"TAXATION OF CORP AND PAR"	35	25
"TAXATION OF CORPORATIONS"	NA	25
"TCPIP"	30	NA
"TECHNICAL OPERATIONS"	30	NA
"TECHNICAL PHYSICS I"	24	NA
"TECHNICAL PHYSICS II"	25	NA
"TECHNICAL REPORT WRITING"	5	16.6666666666667
"TECHNICAL WRITING"	25.1764705882353	25.5
"TECHNOLOGY FOR REAL ESTA"	25	NA
"TELEVISION/VIDEO PRACTIC"	2	NA
"TEST TAKING SKILLS"	20	NA
"TEST TAKING/ANXIETY MGMT"	20	NA
"TEST TKNG/ ANXIETY MGMT"	20	NA
"TEXTILE & DESIGN II"	20	NA
"TEXTILE TECH AND DES I"	20	NA
"TEXTILE TECH/DESIGN III"	20	NA
"THE ART BUSINESS"	35	NA
"THE BIBLE AS LITERATURE"	35	NA
"THE GORGE AT VANTAGE"	18	NA
"THE LANDSCAPE INDUSTRY"	50	NA
"THE PACIFIC CENTURY"	36	NA
"THE PLANT KINGDOM"	24	NA
"THE PROJECT APPROACH"	24.5	NA
"THE SOLAR SYSTEM"	32	NA
"THE STORIES WE LIVE BY"	72	NA
"THEATER MANAGEMENT"	0	NA
"THEATRICAL INTERNSHIP"	0	NA
"THEORY 1 - CULINARY FUND"	27	NA
"THEORY 2 - ADV CUL FUND"	25	NA
"THEORY 3 - GARDE MANGER"	25	NA
"THEORY 4 - REST COST CON"	24	NA
"THEORY 5"	35	NA
"THEORY 5 - MNGMT TECHNIQ"	25	25
"THEORY OF EXAMS BODY SYS"	25	NA
"THEORY OF EXAMS BY BODY"	0	NA
"THEORY OF MED CALC ADMIN"	0	NA
"THEORY OF MEDS CALC ADMN"	25	NA
"THEORY OF WEB DESIGN"	30	NA
"THERMODYNAMICS"	32	NA
"TILE FINISHERS"	20	NA
"TILE SETTERS"	18.1	NA
"TIRES & WHEEL ALIGNMENT"	20	NA
"TOPICS IN JEWELRY DESIGN"	0	NA
"TOTAL BODY TRAINING"	20	NA
"TRANS. TO PROF NURSING"	45	NA
"TRANSITION TO LPN PRACT"	36	NA
"TRANSITION TO RN PRACT"	40	NA
"TRANSITIONAL ENGLISH"	24	25
"TRANSLITERATION"	35	NA
"TRANSNATIONAL CINEMA"	NA	12.5
"TREE TRIMMERS MEDFORD 1"	20	NA
"TREE TRIMMERS MEDFORD 2"	20	NA
"TREE TRIMMERS PORTLAND 1"	28	NA
"TREE TRIMMERS PORTLAND 2"	24	NA
"TREE TRIMMERS SEATTLE 1"	20	NA
"TREE TRIMMERS SEATTLE 2"	30	NA
"TREE TRIMMERS SPOKANE 1"	20	NA
"TREE TRIMMERS SPOKANE 2"	20	NA
"TV PROD/POST-PRODUCTION"	30	NA
"TV PRODUCTION CREW"	24	NA
"TV THEORY & CAMERA COMP"	32	NA
"TYPOGRAPHY FOR THE WEB"	30	NA
"TYPOGRAPHY I"	25.5	NA
"TYPOGRAPHY II"	25	NA
"TYPOGRAPHY III"	25	NA
"TYPOGRAPHY IV"	24	NA
"U.S. HISTORY 1"	NA	25
"U.S. HISTORY 2"	NA	25
"UGR INDEPENDENT STUDY"	15	NA
"UNDERSTAND AUTO FINISHES"	11.75	NA
"UNDERSTANDING LANGUAGE"	25	NA
"UNDERSTANDING LITERACY"	24	NA
"UNIVERS & ORIGIN OF LIFE"	NA	25
"UNIX FOR NETWORK ADMIN"	30	NA
"UNIX OPERATING SYSTEM"	30	NA
"UNIX OPERATING SYSTEMS"	30	NA
"UNIX SHELL SCRIPTS PERL"	28	NA
"URBAN FOOD SYSTEMS ANALY"	24	NA
"URBANIZATION-DEV NATIONS"	35	NA
"URBANIZATION IN DEVE NAT"	35	NA
"URINALYSIS"	6.66666666666667	NA
"US HIISTORY II:1800-1900"	36	NA
"US HIST 1: TO 1800"	19.6363636363636	25
"US HIST I:TO 1800"	36	25
"US HIST II:1800-1900"	36	NA
"US HIST III:1900-PRESENT"	31.5	25
"US HISTORY 1"	35	25
"US HISTORY 2"	35	25
"US HISTORY I"	30	NA
"US HISTORY I: TO 1800"	18	NA
"US HISTORY I:TO 1800"	NA	25
"US HISTORY II"	32.5	NA
"US HISTORY II: 1800-1900"	NA	25
"US HISTORY II:1800-1900"	36	25
"US HISTORY III"	30.4545454545455	NA
"US HISTORY III:1900-PRST"	NA	25
"USE BLUPRNTS IN WELD FAB"	18.8888888888889	NA
"USE OF HEAT TREAT N WELD"	17	NA
"USE OF HEAT TREAT WELDIN"	15	NA
"USE OF POWER TOOLS"	16.25	NA
"USE OF WELDING SYMBOLS"	16.4285714285714	NA
"USER INTERFACE DESIGN"	30	NA
"USING COMPUTERS I"	24	NA
"USING COMPUTERS IN BUS"	25.5	NA
"USING COMPUTERS IN BUS 3"	25	NA
"USING COMPUTERS IN BUS I"	24.6470588235294	24.8333333333333
"USING MIC"	32	NA
"UX/UI"	25	NA
"VABE CDA"	0	NA
"VABE STARS"	0	NA
"VECTOR CALCULUS"	33.2	NA
"VERB TENSE EXPRESS"	25	NA
"VESL CDA"	0	NA
"VESL ECE"	0	NA
"VESL ECE SUPPORT"	0	NA
"VESL IT"	0	NA
"VESL STARS"	0	NA
"VESSEL MAINTENANCE"	18.5	NA
"VIRTULIZATION & THE CLOU"	25	NA
"VISUAL BASIC W/ ASP.NET"	30	NA
"VISUAL THINKING"	35	NA
"VITAL SIGNS/MEASURMENTS"	6.66666666666667	NA
"VOC ESL-AP"	29	NA
"VOC ESL:BRIDGE TO IT CAR"	20	NA
"VOC ESL:CDA"	0	NA
"VOC ESL:MED TERM"	29	NA
"VOC3:HEALTH CARE CAREERS"	18.75	NA
"VOC3:HEALTHCARE"	29	NA
"VOC3:HEALTHCARE COMMUNIC"	29	NA
"VOCATIONAL ABE"	0	NA
"VOCATIONAL ABE -ACCOUNT."	0	NA
"VOCATIONAL ESL"	30.4	NA
"VOCATIONAL ESL -ACCOUNT."	30	NA
"VOCATIONAL ESL 3"	29	NA
"VOLCANO-FIELD DAY"	0	NA
"VOLCANO FIELD DAY"	22	NA
"W-BRITISH LITERATURE III"	30	NA
"W-US HISTORY 2"	35	NA
"W BRITISH LITERATURE II"	25	NA
"WALKING FOR FITNESS"	25	NA
"WATCH TECH I: PRACTICUM"	12	NA
"WATCH TECH I: TOOLS, EQU"	12	NA
"WATCH TECH II:PROF.KNOWL"	12	NA
"WATCH TECH II:WATCHMAKER"	12	NA
"WATCH TECH V: PRACTICUM"	12	NA
"WATCH TECH V:ELECTRONIC"	12	NA
"WATCH TECH V:PRECISION T"	12	NA
"WATCH TECH.II:PRACTICUM"	12	NA
"WATER COLOR PAINTING"	25	NA
"WAYS OF KNOWING"	30	NA
"WEB ANIMATION USE FLASH"	28.5	NA
"WEB AUTHORING 2"	30	NA
"WEB AUTHORING I"	29	NA
"WEB AUTHORING II"	30	NA
"WEB CAREER STRATEGIES"	30	NA
"WEB DATABASE"	30	NA
"WEB DATABASES"	30	NA
"WEB DES & DEV W/DRMWEAVR"	25	NA
"WEB DESIGN & DEVELOPMENT"	25	0
"WEB DESIGN WITH DREAMWEA"	30	NA
"WEB PRODUCTION"	25	NA
"WEB PRODUCTION I"	24	24
"WEB PRODUCTION II"	20	20
"WEB PROGRAMMING"	30	NA
"WEB SERVER MANAGEMENT"	30	NA
"WEED MANAGEMENT"	32	NA
"WELD LOCATION FIXTURES"	16.6666666666667	NA
"WELDING AND CUTTING"	10	NA
"WELDING BASIC"	5	NA
"WELDING CERTIFICATIONS"	16.875	NA
"WELDING INSPEC & EVAL"	16.4285714285714	NA
"WELDING THEORY"	22	NA
"WHSE FORK LIFT TRAINING"	25	NA
"WINE & CHEESE PAIRING"	20	NA
"WINE BUSINESS"	25	NA
"WINE CHEM & MICROBIOLOGY"	28	NA
"Wine Hist & Appreciation"	28	NA
"WINE HISTORY & APPRECIAT"	28	NA
"WINE MARKETING & SALES"	28	NA
"Wine Service Essentials"	28	NA
"WINE SPECIAL TOPICS"	24	NA
"WINERY PRODUCTION I"	20	NA
"WINERY PRODUCTION II"	20	NA
"WINERY PRODUCTION III"	20	NA
"WINTER PLANT ID"	25	NA
"WINTER PLANT IDENTIFICAN"	25	NA
"WIRELESS COMMUNICATION I"	24	NA
"WK EXP: ALLIED HEALTH"	20	NA
"WK.EXP: ALLIED HEALTH"	20	NA
"WK.EXP: BIOLOGY"	25	NA
"WK.EXP: BUSINESS"	30	NA
"WK.EXP: CHEMISTRY"	25	NA
"WK.EXP: COMP. INFO. SYS."	25	NA
"WK.EXP: FILM / VIDEO"	20	NA
"WK.EXP: FOODS AND HOS."	15	NA
"WK.EXP: FOODS AND HOSP."	15	NA
"WK.EXP: GRAPHIC DESIGN"	25	NA
"WK.EXP: HUMANITIES"	20	NA
"WK.EXP: OPTICIANRY"	25	NA
"WK.EXP: PHOTOGRAPHY"	20	NA
"WK.EXP: PUBLISHING ARTS"	25	NA
"WK.EXP: RESPIRATORY CARE"	25	NA
"WK.EXP: SALES & MKT."	20	NA
"WK.EXP: SALES & MKT. ."	20	NA
"WK.EXP: SCIENCE"	20	NA
"WK.EXP: SOC/HUMAN SVS."	20	NA
"WK.EXP: SOCIAL SCIENCE"	25	NA
"WK.EXP: SOCIAL/HUMAN SRV"	20	NA
"WK.EXP: WOOD CONST."	15	NA
"WK.EXP:APPAREL DESIGN"	30	NA
"WOMEN IN AMERICAN HIST"	11.3333333333333	NA
"WOMEN IN AMERICAN HISTOR"	24	27.5
"WOMEN IN SOCIETY"	51.6666666666667	NA
"WOMEN IN THE GLOBAL CONT"	14.3333333333333	NA
"WORD"	30	NA
"WORD FOR BUSINESS"	30	NA
"WORD PROCESSING"	25	24.1666666666667
"WORK EXP-PUBLISHING ARTS"	20	NA
"WORK EXP: ALLIED HEALTH"	20	NA
"WORK EXP: BIOLOGY"	25	NA
"WORK EXP: BUSINESS"	30	NA
"WORK EXP: CHEMISTRY"	25	NA
"WORK EXP: COMP INFO SYS"	25	NA
"WORK EXP: FILM & VIDEO"	20	NA
"WORK EXP: GRAPHIC DESIGN"	30	NA
"WORK EXP: HUMANITIES"	20	NA
"WORK EXP: OPTICIANRY"	25	NA
"WORK EXP: PHOTOGRAPHY"	20	NA
"WORK EXP: RESP. CARE"	25	NA
"WORK EXP: SALES/MKT"	20	NA
"WORK EXP: SCIENCE"	20	NA
"WORK EXP: WOOD CONST."	15	NA
"WORK EXP:ALLIED HEALTH"	20	NA
"WORK EXP:APPAREL DESIGN"	30	NA
"WORK EXP:BUSINESS"	30	NA
"WORK EXP:CHEMISTRY"	25	NA
"WORK EXP:COMP.INFO.SYS."	25	NA
"WORK EXP:FILM AND VIDEO"	25	NA
"WORK EXP:FOODS/HOSP."	15	NA
"WORK EXP:GRAPHIC DESIGN"	25	NA
"WORK EXP:HOSPITALITY"	15	NA
"WORK EXP:OPTICIANRY"	25	NA
"WORK EXP:PHOTOGRAPHY"	20	NA
"WORK EXP:RESP.CARE"	25	NA
"WORK EXP:SALES/MARKETING"	20	NA
"WORK EXP:SOC & HUMAN SRV"	20	NA
"WORK EXP:SOCIAL SCIENCE"	25	NA
"WORK EXPER/BUSINESS OCC."	27.2222222222222	NA
"WORKING ON A WEB TEAM"	30	NA
"WORKING W/OLDER ADULTS"	30	NA
"WORKPLACE ESL LEVEL 2"	74	NA
"WORLD CINEMA"	NA	26
"WORLD CIVILATIONS I"	36	NA
"WORLD CIVILIZATIONS I"	35	28.3333333333333
"WORLD CIVILIZATIONS II"	34	25
"WORLD CIVILIZATIONS III"	35.3	25
"WORLD CIVILIZATIONS IIIT"	35	NA
"WORLD CULTURES"	NA	0
"WORLD LITERATURE III"	35	NA
"WORLD LITERTURE III"	35	NA
"WORLD OF WORK"	NA	12.5
"WRITING FOR MEDIA/SCRIPT"	32	NA
"WRITING FOR ORG & MEDIA"	25	NA
"WRITING FOR THE WEB"	30	NA
"WRITING IMPROVE I"	25	NA
"WRITING IMPROVEMENT II"	25	NA
"WRITING/GRAMMAR LEVEL 3"	30	NA
"WRITING/GRAMMAR LEVEL 4"	30	NA
"WRITING/GRAMMAR LEVEL 5"	30.5	NA
"WRK EXP: ACCOUNTING"	8.33333333333333	NA
"WRK WITH CHILD WITH DISA"	25	NA
"WRKING WITH TRIM/HARDWRE"	12.5	NA
"WRTG MEDIA II ADV SCTPWR"	35	NA
"WT III: PRACTICUM"	12	NA
"WT III: WATCH GEAR TRAIN"	12	NA
"WT III: WINDING & SETTIN"	12	NA
"WT VI: AUTO WATCHES"	12	NA
"WT VI: PRACTICUM"	12	NA
"WT VI: PRECISION TIMING2"	12	NA
"WT VII: ADV PREC TIMING"	12	NA
"WT VII: CHRONOGRAPHS"	12	NA
"WT VII: PRACTICUM"	12	NA
"XML I - INTRO TO XML"	25	25
"YOGA"	23.0327868852459	NA
"YOGA I"	25	NA
"YOGA II"	25	NA
"YOGA PILATES"	15.25	NA
"YOU AND THE WORKPLACE"	30	NA
